1807,0.592633699,-1.984234579,2.066481712,2.263876936,1.231236694,0.931218678,-0.505211353,1
521,0.278973901,0.132543541,-2.752369886,-0.10685271,-0.791002965,1.267545714,-0.876620761,0
3508,-2.748699712,-2.852489657,-1.3900673,0.308634436,2.55681627,2.297282447,3.419852669,0
2667,-1.607016245,0.822575492,-1.386923069,2.663837916,-3.312647809,-1.64507612,-0.211490845,1
1386,0.53656393,-6.00074762,3.597461533,3.960714746,2.367716969,3.02843654,2.34552157,1
3947,-1.116261444,-2.815720736,-4.858054739,-0.039825062,4.50497842,6.102587005,0.503799062,0
2263,-1.931908109,-0.437187157,1.250087873,3.061267222,-1.362074349,0.693815533,-0.247436221,0
3426,2.653472286,-5.239829795,-3.238597147,1.152480823,1.795874561,0.962852202,-1.55746322,1
234,-1.50483579,-0.60984849,-1.535147411,1.821917704,-1.006640427,2.052719703,0.53068575,0
1212,-1.973276897,-3.830499332,5.612644416,2.101756234,2.53470734,0.223946461,1.643451555,1
382,-1.390267541,-1.577905177,0.559460349,2.620815689,3.360118267,0.044143092,-2.586663686,1
881,1.868966632,-2.573740286,0.690511287,3.867121841,1.327659942,1.919372796,0.298371281,1
2240,-2.888477189,-2.467959017,2.064439511,1.249091416,2.647103634,0.73238027,-1.341537581,1
604,0.034818167,-0.930391912,-1.971992909,1.381197268,-1.217503209,-0.276925841,0.603642425,1
3761,2.932476411,-7.149847675,0.191302647,2.179602275,2.821643283,-1.210613461,1.454755859,1
733,-0.500416166,-1.898359987,3.126678492,2.563035202,2.919934022,-0.984561145,-2.318115994,1
1130,1.203124977,-1.887092813,-2.551971029,1.080266556,3.499233357,-0.427476892,2.928774852,1
3916,-0.369054174,2.500206275,-1.12451791,-0.332943358,-0.7107341,-0.782861671,0.473000429,1
2560,-2.002108913,0.914239187,-1.212154567,0.377442914,-0.412552323,1.292215365,0.390464668,0
3202,0.412579946,-2.66404476,-3.881718079,2.53518474,-0.854747278,0.09722436,-2.599374036,1
1213,-4.081602285,-0.571111907,2.917172959,1.227117413,0.490337364,-0.498688469,2.7095919,0
3812,-0.106909691,0.196216504,0.226963272,1.019473449,-3.071132549,-0.478595984,-1.316709464,0
1078,-1.378428696,-1.09546502,1.552838408,2.133737198,1.706409118,-0.140609612,-1.429723526,1
1569,1.012602773,-2.727092843,-0.588560196,3.408492098,-4.005527393,-0.946999719,-0.990545561,0
293,-2.625174664,-0.572031397,1.609901562,0.995255654,0.318017061,-1.18468912,2.201416622,0
2375,-2.785619738,-0.464113159,-2.008147034,0.304050877,0.677976375,2.741259068,0.666779313,0
1117,-4.498233887,3.598690425,-0.510057508,-1.404001423,0.995025521,-1.035168565,-4.525029897,1
3501,-3.964556259,2.345100706,-3.681721723,1.54795463,1.045327831,2.553128683,1.151235848,0
3068,-0.596943568,0.639459126,-1.796178731,3.424765623,-3.508610535,2.713475925,-3.609172995,0
2143,2.884909614,0.034586877,-0.305572548,1.462097321,-2.298880373,-0.933146302,1.875565732,0
754,2.144165807,1.219872107,-3.862483891,1.987819649,-1.188190069,1.102201148,2.397487419,0
209,-0.96138762,-1.260524287,-3.246894069,-0.754798811,-0.243771259,4.2425723,-2.15334928,0
3769,-0.218791413,0.009783616,-0.47635898,1.784347401,-4.067288995,-0.532407313,1.750426491,0
2011,1.464741786,-3.362115856,-2.567966481,2.725426869,1.962865932,-0.537778369,1.788154413,1
3232,-2.337414685,1.339763868,-4.753825289,1.725398252,-2.961422371,1.746878474,0.648231211,0
2994,0.44314011,-0.949577731,-0.853465346,0.977805866,2.192739238,-0.000397647,1.885015984,0
1128,-1.026338398,-0.071890632,-1.448020317,-0.333519852,1.673629351,3.022588193,-0.325436857,0
287,-4.252103364,-1.352355773,1.092130849,1.571333506,-2.322761166,2.433554673,-0.046495034,0
2135,0.899359303,-1.96029597,-0.961782158,1.970223805,0.607312971,3.057713437,1.192569843,1
1970,-0.466922125,0.853342475,-3.116447972,-0.059156058,-2.264304919,3.829823256,-0.142374841,1
1234,-0.799312628,-0.027818577,0.81234786,1.755904601,-0.785578577,-0.924556249,0.449868274,0
3815,-2.252233369,0.194034032,0.878376528,0.846849517,1.62142039,-1.119036794,3.825229936,0
2637,-1.185343007,-2.153863533,0.697222872,1.323673063,4.409921818,0.631300219,-3.432184357,1
2861,0.458682661,-2.168531574,1.784127,2.565314232,0.482805538,1.547299132,1.570413149,1
1911,-1.234220685,-0.242813913,0.089991623,1.525911722,0.81410579,0.186101676,-2.553685122,1
32,1.681662618,-2.981673805,-0.079805091,-0.947866387,3.034812556,-0.708611234,1.166970737,1
1322,-0.789395132,-0.504416755,0.457129277,1.882858969,1.164866352,-0.042112909,0.903033551,0
586,-0.514507334,0.33049363,-1.419018697,1.166646928,0.231519441,2.111651131,1.03812053,1
1204,-1.423881415,-1.866378319,1.357553122,1.830047321,3.360871926,-0.07231072,-2.371781666,1
1055,-0.407202953,-1.17341051,1.736201949,1.519927897,1.629251428,0.056597688,-0.483888959,1
834,0.670619332,-2.88045567,-1.846987396,1.156195324,1.371368979,1.984478696,-0.067216749,0
1996,-0.853172557,-3.685279413,4.862675993,1.33522806,1.87305425,0.618674123,0.597076592,1
3000,-0.791740594,-0.125726611,-0.683672766,1.126810088,1.499428958,1.258607093,-0.318278176,0
1105,0.825969108,-0.792048053,-0.502043042,-0.562489375,0.721549216,-0.098617443,2.836815744,1
3250,0.995229632,-1.171523493,-0.823730332,-0.264851808,-0.645413931,1.86016987,-0.666486737,0
3534,0.622590345,-0.213581134,-0.900256853,2.120276465,1.597765139,0.491481553,-1.172440423,0
1833,-3.488959873,-2.41981684,0.180392742,1.005165545,1.609519676,1.209563508,5.361157242,0
1694,-3.493468787,0.272104829,2.259878277,-1.611763065,3.008826868,-0.328765654,-1.679271349,1
2635,0.374261111,-0.795522464,0.531780191,0.978175678,0.656671348,-0.947167187,-1.094727349,0
1806,1.171204547,-0.170186748,-0.946624287,2.18375161,-1.701837488,-0.613370238,1.155649163,0
2060,1.847878345,0.469678201,-0.994127985,-1.029463529,4.308332069,-2.857492446,1.840285348,0
360,-2.438665553,-3.50468229,-2.409751844,-1.344681502,4.407302202,3.386602502,2.165801374,0
452,-0.832412053,-0.154411201,-0.035737468,-0.323484269,1.222646356,1.347506838,-1.73329254,1
2005,-0.089021588,0.664595344,-1.784197176,0.744092625,1.098127041,1.647644653,-3.484108935,0
3279,1.762091893,2.050865761,-1.375058828,2.988179417,-0.353031154,-1.025431923,3.200821467,1
219,-0.271070252,-2.515852845,2.342917722,0.699965346,0.356715611,1.941893883,-1.652992023,1
1415,0.430053269,0.849200934,-1.413438156,2.313480965,-1.946780424,0.416658106,-3.116788599,0
1823,-0.76823923,-3.839826193,1.087208558,-0.104708352,4.047186062,-3.135206662,1.054380314,1
2847,2.064117837,-4.181554606,-1.656819393,1.348299104,4.151840691,-1.150041913,-0.236998031,1
1551,3.641300837,-3.239216105,0.39765247,-2.093240426,3.110944916,0.52658839,3.103715262,1
2018,-1.557786409,-1.471138953,-1.669224586,0.306207078,2.125749174,3.335779504,-0.649064514,0
3102,-0.743778598,-1.353542617,-1.838637259,0.988648302,-2.193773045,0.05715575,-2.831125855,0
3865,-0.578638579,-0.240243684,-0.188720281,0.533020765,-1.236043744,-1.396009793,0.601484011,1
3910,1.5353851,-0.979618891,-1.385863074,0.482993175,1.999626268,-0.394965283,3.405436263,1
1007,-0.533447689,-1.605149271,-5.715134453,3.093680856,-3.30300905,2.255091404,-1.981574246,0
512,3.494801452,-2.643741519,0.419279989,3.645718399,-3.285315914,-2.297288152,-0.264526021,0
3244,-2.042188947,-3.259705692,5.019020042,-1.807715157,0.705932295,1.798553071,-1.88350261,1
3007,-4.11818047,-0.231651036,2.236190904,1.49520591,1.875913134,0.036226784,3.725119774,0
663,-0.430075772,1.20266844,-1.615308225,2.318176884,-5.801766241,-1.330321347,2.573083876,0
2507,-5.611043907,-0.344937211,4.425245767,-2.054761838,1.751755765,-0.490479762,-1.793667469,1
1186,0.849494925,-0.231710566,0.936645736,-0.873354652,2.426435683,-1.888175042,2.810348673,1
1524,-1.724106427,-0.975230087,-1.737464219,0.842446064,0.59629652,1.455456286,-2.109986332,0
2314,0.218231451,-3.116587945,4.143229312,1.481697532,1.388503744,0.840105671,-1.635404402,1
620,-1.101070039,-1.92838726,2.487759679,0.447987727,-1.069122939,-0.007834618,-0.651893154,0
794,0.440484047,0.856486822,-0.27591664,5.279085234,0.014865358,-4.071384356,-1.319501638,1
1597,2.362357983,0.614849067,-2.339010538,-1.616023001,2.540068818,0.924703838,2.388514589,1
1353,-2.342518691,-0.083350345,0.184450344,0.195608734,1.512680038,0.793570162,-2.496322081,1
3580,-4.764191786,-0.975257687,2.647538872,0.868845074,2.435195552,0.402740146,5.189715685,0
1126,-0.012767581,-1.84302722,0.336217951,1.946008032,0.272622813,0.597072678,-0.771769254,0
3096,-1.281038736,-1.821401873,0.754640169,1.652782439,-2.685340276,0.161968913,-0.522776192,0
3361,0.956953474,0.506855667,2.611378365,0.497554348,0.350085796,-2.814251493,2.158860894,1
3998,-4.008003744,-1.779337107,2.366396966,-0.200329367,2.161435121,0.214488384,-2.229719806,1
73,0.039413688,-1.137430244,0.477732329,1.656480571,-3.256232026,-0.503584221,0.528698798,0
2306,-3.079759205,-1.423470892,2.0046343,0.328651263,1.998417684,-0.473727091,2.446554704,0
188,-2.65336393,-1.616297644,2.625948508,0.195550555,2.423620841,-0.194978796,-3.940779763,1
1139,-1.233413202,0.64103924,0.936459069,-0.551161348,-1.82710165,2.047326882,-0.171433286,1
3556,0.670925442,1.256008935,-4.594956527,2.815058559,0.848239996,1.612066161,-1.838806737,1
1538,-4.410059378,-1.437497219,-0.176646249,0.035187203,4.400098082,2.316586147,4.147865892,0
2324,0.156593347,-1.777604056,-3.74225768,0.666825013,1.465928947,3.441336039,0.266387675,0
616,1.701191016,-0.242767287,-1.610198674,2.587950003,-1.843152643,-0.286344514,1.402366123,0
3282,1.131184679,-1.231407209,-0.744317276,1.546482031,1.424070306,-1.547877026,0.964165879,1
2476,-0.105490641,0.935525316,1.04637234,1.202567426,2.947505168,-1.048008873,0.634562579,0
2757,-1.19001868,-2.277019069,-1.168611262,0.534392404,0.627725067,1.856832273,1.317743743,0
786,3.31362605,0.021769289,-0.294635627,-4.087563079,3.348488672,1.584653935,4.623162668,1
1108,2.728652926,-2.738928313,-4.569206033,3.429014767,2.388080129,0.534863996,0.445759947,1
3526,-3.526069166,1.146947206,-0.193728771,0.271124563,-0.282697872,1.773856809,1.444897577,0
2,-0.292023862,-1.351281995,-1.738429162,-0.342615928,2.838635512,-0.038033328,2.621636473,0
716,3.344186864,-2.227149535,-0.426076894,0.379436756,1.793789427,0.154166255,2.666099628,1
1183,1.176587299,2.578443532,-1.924189345,4.26967695,-0.850471194,-1.79906129,0.583067518,1
2536,-0.248328218,-3.789381244,1.049442199,0.271034095,5.363391435,-3.462028922,2.419515928,1
795,0.638544397,-3.094348429,-1.503426721,2.226712912,-3.532452341,0.565242593,-2.053694418,0
1531,0.374167799,-1.423500807,-0.684300928,-1.355654397,1.992887965,-0.603263614,0.342091133,1
91,-0.629540613,-1.16111198,-0.33009969,0.930469883,2.087489482,0.369549864,-4.560905342,1
1865,0.108759953,-1.945531991,0.274103259,0.327996492,-2.26976476,0.158132888,-1.611753292,0
2141,2.313424663,-1.963352972,-1.548023171,-0.031263658,-1.463958695,4.328298465,-0.835054852,1
2330,-0.360472865,-0.692693223,-3.40816825,-0.275927416,0.341500263,1.674033694,-0.01630256,0
262,3.144834853,-0.618456338,-1.888859712,-2.318441345,1.988406405,2.171236392,3.441841889,1
1853,-1.205504909,2.423058106,3.473933471,-1.469718606,-2.79209944,-2.54641308,2.871475348,1
785,-4.145439993,0.777986007,1.487350603,2.065713154,3.403159187,-2.632625896,-1.263063979,1
752,-0.941131251,-2.017366702,0.385144928,-1.71422667,1.096906323,-1.308254734,0.459723265,1
3494,4.649922899,-1.675508091,-3.241840984,5.33328323,-4.830750036,-3.811951348,-0.518724707,0
809,1.004670265,0.086562376,-0.827722199,-0.012644899,-1.335902881,0.171168246,1.186177549,1
220,0.305715131,-0.481595147,-0.114756951,2.181975514,3.879569217,-3.675563415,1.76244588,1
2053,0.302576134,-2.011766605,1.900143092,0.53308974,1.703285297,1.261360049,-0.449605316,0
1124,-4.84440481,-1.635109497,1.935689924,-1.317277191,0.573537376,1.535545214,-3.416156974,0
3432,-4.158703547,0.342154836,3.372820313,1.932820934,3.621461274,-1.569634193,5.389839871,0
1948,1.562080802,1.873431333,-1.588408555,1.349167216,-1.116332123,-0.399389997,0.420270888,1
625,-0.316046993,-2.265646817,2.211007167,1.379265923,1.647788963,0.851511245,-1.460898327,1
1751,-2.818993177,1.050634051,-1.086368485,-1.590237183,1.445839086,3.698570269,0.444069046,0
1065,-3.193771996,2.130105726,-0.247501191,-2.620954157,4.226314433,4.59034704,1.529106684,0
3739,-0.868688565,-2.062113103,2.326546439,1.325197041,0.422210587,1.686690018,1.16616104,1
1658,-0.377567852,1.11819649,0.429447967,2.384569629,-1.249721644,-0.302082415,-0.687521898,0
2110,-1.11416808,-0.782227158,-1.015545793,3.868902504,-0.455818388,-1.200251191,-0.778000656,0
2478,2.343654192,-1.551587681,-2.616260122,3.158761372,2.69128759,-1.172085986,0.313115727,1
1457,0.529114227,-0.165976847,-0.476386786,1.408194917,-1.165197496,-0.811165236,0.020273986,0
2692,-1.336614769,-0.953664344,-0.335851672,1.314613381,0.885873038,1.376948966,0.643951904,0
2657,-0.495101142,-0.421045996,0.264109831,0.295674955,2.022735506,1.070498218,-0.040585042,1
3146,-3.083350417,0.628634404,0.350292928,-0.157695515,-0.27841973,1.024364989,-0.671464525,1
593,-2.134991211,-1.507685635,-0.338052719,1.124926914,1.193174178,1.368651563,2.981116267,0
2708,-2.608909791,-1.871446539,3.468565262,0.783995886,1.420708508,0.52558978,-0.88752163,1
2223,-2.250172219,0.851410805,-0.384605964,-0.517092054,-2.969104902,1.242169702,1.266060162,0
1228,1.127844829,-2.29010015,-2.121897035,3.136958164,0.168732202,-0.872945837,0.364630565,1
79,-2.1674624,-1.72966774,1.292344082,2.343027022,0.313248004,-0.90759004,-1.78744711,0
1287,-3.390552063,-0.499184306,1.340704596,1.46609956,1.971038411,0.353401079,2.294602509,0
981,-0.340399213,-2.916425062,3.002375607,1.33568343,2.754835455,0.781658013,-1.080151306,1
2481,2.553493039,-2.578302191,-4.589803874,2.582137069,1.103382875,0.641198167,-2.475505407,1
53,1.205450296,-1.783508474,0.652683061,2.442983435,1.34691458,1.115062157,-1.198656978,1
2728,-2.499468113,-1.407142734,2.724377518,-1.088259172,0.822548502,1.033765966,-1.609770097,0
2130,0.112633012,-1.004231467,-0.924331017,3.033640552,0.189144141,1.914676724,0.837869179,1
3198,-1.355544196,1.18888116,-2.89509295,-0.384313803,-2.467256063,1.68196175,0.601349722,0
0,-3.970048523,-2.512336381,5.346329613,-1.012008712,1.844900361,0.329839797,-0.491590483,1
2749,-1.724211653,-2.718442439,-1.696020894,1.420711182,0.835122473,3.253578942,0.248881195,0
2287,-1.034137908,1.61259247,-0.216231131,0.186037696,-0.106674838,0.721565379,-2.851279554,1
3742,0.600983512,-2.812223245,-0.020155414,-0.377672939,1.553911271,-0.84675209,2.040601557,1
1582,1.391706334,-2.04678943,-0.451347973,2.893526096,0.85005409,2.250140932,-0.264234402,1
1673,-2.482187534,-0.887877764,1.649343823,0.077475102,1.906561226,0.330406753,-3.322432942,1
86,1.889651879,-1.234884586,-2.003226871,1.618220275,0.360724332,2.712213587,0.124914362,1
2644,-2.635000425,-3.446089487,0.344271425,0.313967126,-2.382391716,0.775201206,-4.436004418,0
3259,-2.136529778,-1.811071329,0.541231433,1.873338107,0.753319326,0.938547394,1.799675359,0
963,-3.327767295,0.457108327,3.013280476,-0.730097692,1.468226148,-0.91962328,-3.309784564,1
2221,0.911789148,-0.15565199,-0.457495966,2.382532318,-0.870300692,-1.313018732,2.551831691,1
529,-0.217649485,-0.52562836,-2.728249973,0.725687239,2.870146699,3.071378646,-0.467195847,0
2257,0.153430601,-2.911247612,-0.817713752,2.134517734,-0.827077744,0.650187965,1.815367793,0
1700,-3.093060149,-0.688873446,1.319296711,-0.364018616,1.138878071,1.30391529,0.710305734,1
3825,0.727665843,-0.716658216,-1.694350709,0.630435576,0.154436568,-1.259161735,0.269218955,0
201,-4.389864451,0.185576339,2.327504128,0.949380586,2.207851054,0.288004605,3.761634732,0
1822,0.622759391,-4.196352643,0.847013053,0.431258673,-0.302134455,3.726932143,-1.188430018,0
2509,2.018030556,0.3970603,-2.599518994,0.869264332,0.053678583,0.243393778,-0.19350131,0
3012,-2.34896203,-1.494003637,-0.145984118,-0.083063385,-1.701186597,3.296392015,-0.104389292,0
3525,-0.636076384,-3.746856316,4.377381576,-0.886809918,-0.655860452,2.587461459,-0.482243679,1
3099,0.15635328,0.425773797,0.141581213,1.075482472,1.56633572,-1.886997052,1.403469653,0
1558,-0.545592892,-2.922679324,1.049423304,1.374364161,-3.747002011,-1.79922924,-3.077711231,0
3110,2.157159158,-0.069392549,-1.765814088,1.729873818,-0.970323911,0.581459795,3.062536423,1
2520,0.564069996,-2.779779628,1.799935614,3.533534541,-2.435675397,-2.803409257,-1.37216003,0
381,-2.782130988,-1.381875325,0.169552902,0.821836718,-0.49949771,-0.795837355,4.989297317,0
1233,-1.222419169,-1.389613283,-1.322684748,1.737928792,-2.17578276,-0.06418278,-1.826704357,0
2039,1.525991681,-2.208141852,-1.03105051,2.534585514,-1.322705161,-0.569179191,-1.736012279,0
875,0.441504626,-0.578750902,-3.767359783,2.469893075,0.547227087,4.035780902,-1.692936537,0
565,0.841700566,-1.302327545,-1.375825815,1.815067187,-0.992369266,1.147517316,-0.352363349,0
225,-2.002139587,-2.625820278,-0.908798685,-1.780175222,1.197048603,3.678592367,-4.434327674,0
3993,1.520142496,-0.352622763,-3.206467364,1.341719009,0.67556807,0.107093121,-0.945080106,0
2813,-2.031357306,-1.883199758,-1.252338358,2.505957336,-2.975863457,0.943990955,-1.198752546,0
793,-2.246946038,-0.670184669,-1.117857289,0.950289632,0.299011514,1.954981502,-0.851295192,0
708,-1.39460024,2.187994312,-0.547832311,-1.05251812,-1.739331976,1.11600466,-2.924269341,1
1777,0.812168213,0.026105061,-1.078912495,1.414684698,0.057750458,-2.101524746,0.794783487,0
1780,-1.453799616,-1.512572964,-0.95630034,0.324360446,1.300212072,2.948906967,-2.403035562,0
1942,1.305605876,-1.204641425,0.288752743,0.806546347,-0.406499813,-1.020094813,1.500926927,1
2054,-1.770374991,-2.619782722,2.710192633,0.43307871,2.980502899,1.307302676,-3.088850587,1
443,0.217790779,0.380548321,-0.449453049,2.318266697,1.960640895,0.083800264,0.032101352,1
57,1.098486821,-1.020374176,1.211131183,1.260177674,-1.029902705,2.622737988,2.662547829,1
3291,-1.365028778,-1.630329292,2.529225394,-0.638158179,1.155261439,0.672927992,-2.372509423,1
3444,-0.353194548,-2.949073284,2.293178644,3.880526412,3.054124893,0.709941597,2.608796602,1
1856,-1.791703463,-1.333415314,-0.540638874,1.649831309,0.011569825,2.302030222,-0.160666067,0
2745,-4.703583248,-0.233748205,1.500172212,0.374014909,2.33645078,-1.571268893,6.348869952,0
2501,-0.723895744,0.15364291,1.13696216,1.913581808,2.379033927,-3.915368074,3.291172928,1
2323,-2.180226255,-1.570609008,-0.855365269,-0.444048362,-0.882006765,3.510034202,-1.176531722,0
1955,-3.565937398,-2.870644912,0.869659705,1.109261096,4.234035096,3.144795231,4.371277287,0
1874,-4.853268227,-2.793570585,0.327410962,1.266214174,0.385904439,4.801720338,0.284448495,0
675,1.808216215,1.631331526,-0.79490407,-0.06201757,-0.405498298,-0.316750714,0.094647216,1
3167,0.732457401,-1.331404733,-1.639145167,1.553624694,0.132915724,1.352320735,-1.037979931,0
187,-2.743304348,-1.214042748,-1.989254772,-0.650297674,-0.495183534,3.849168921,-1.865832708,0
212,2.350002523,-3.968238891,-1.101896158,-2.52426432,1.596184873,1.786295441,2.141838373,1
45,0.03347095,-0.044160963,-0.481202468,4.937209505,-0.609872897,-3.231504027,1.248791791,1
3014,-2.628374277,-0.115458273,0.198702216,-0.069106551,-1.117299703,2.095307617,0.630104364,0
2303,-3.08237622,-3.36791588,5.069020326,-1.427145063,-0.116889567,1.061304956,-1.718581873,1
3292,-0.991445728,-3.005212963,-2.63099777,-1.783797928,3.089309138,3.375042071,0.60485971,0
3713,0.390908914,-2.229345691,-0.04717925,1.743922548,-1.089778327,2.233872488,0.719461552,0
3445,-2.890432113,1.819033065,-4.343592286,-0.663417989,-0.467472012,1.927281148,-1.449308157,0
2201,-1.44837283,-0.472324969,-0.28450227,1.47149743,2.708222184,1.332536663,0.658072598,0
2923,2.090372229,-1.901308958,-1.438312467,-0.058434436,1.708060148,0.35692766,1.767633005,1
1156,0.201485353,-0.964008331,-0.827369894,1.024786583,-2.597411907,1.525534299,0.86478663,0
679,-0.711035314,-3.377666855,1.825954976,2.683285947,2.70647602,1.076922522,0.536212238,1
2335,1.317040361,-4.190848806,1.492964325,2.62912962,0.064027018,3.578315521,0.797920023,1
2716,-1.620584591,1.691548144,-0.562236282,-0.845821479,0.363113595,3.738410337,3.620053885,0
2962,-0.850925609,-0.759727812,0.072122883,2.279572743,1.01704146,0.544298714,0.637302588,1
3582,0.310255186,1.287746959,-1.959897685,2.222417686,-2.636321597,-0.081388636,1.325830189,1
2043,-0.661029353,-2.028037794,-1.003876658,0.095921124,1.110528648,1.144246252,1.987429612,0
1805,-3.491398596,-1.113868558,0.184239472,2.113214705,3.214011474,-0.310385911,-0.089084964,1
654,-0.275248554,-1.487134044,-1.729445652,1.669277592,0.016900464,2.64839962,-1.016744147,0
3344,-0.908674176,-2.023678278,-0.825549207,0.799667041,2.68829322,-0.212986404,5.240468622,0
428,2.791326663,-3.678377608,-0.640794571,4.096314776,1.493495485,2.792151965,2.190118648,1
1451,2.20545334,1.373721568,-2.017316763,0.51352586,2.93029506,-0.492496435,1.777255205,1
2727,-0.821107208,-1.529110564,-1.028906111,4.658227028,2.282931603,-4.2078733,-0.728537862,1
3527,-0.865415634,-1.53193856,-3.097760939,2.512153334,-1.663617733,-1.179214331,-3.978524859,0
2900,-2.015384682,-3.229740124,1.769987555,-0.138106031,-0.917204501,1.298462176,-2.995260179,0
1341,2.181629694,-3.755985414,0.043770807,0.013851576,4.854058748,-0.71888223,4.67363368,1
1644,2.214505264,-2.424170076,-0.32582553,1.477745734,-3.092265262,-1.368127041,-2.190126509,0
2696,1.32433283,-3.076950313,0.072353195,-0.397727956,3.829650618,-1.555760328,1.665924398,1
1318,-2.918443665,-1.02065579,-1.721626587,1.309935384,-0.442591863,5.066804156,-1.02746287,0
3997,-2.634515299,-2.13824672,-2.440461285,0.657222891,2.19970859,4.763859177,-1.334611391,0
314,-2.10659447,1.017836215,2.23646938,2.272230155,-1.373828907,-2.231717303,1.313860721,0
3972,0.320644821,0.070857592,-0.364572195,0.89461858,-0.624537528,-0.725398424,-0.114319001,0
877,0.103705176,0.639170467,-1.800794279,3.311235973,-1.859794026,-1.902893789,0.625448453,0
1639,-1.589367852,0.396556169,0.932738577,2.559185831,0.349571541,-3.899098562,2.380855802,1
2228,1.274946411,-0.62221895,-1.242830531,1.375191003,-0.294096087,-0.191340164,1.3090311,1
448,-2.589398833,-1.424490895,-4.390652197,0.867853308,-0.138382531,4.138384523,-2.80256109,0
1514,0.186560062,1.546280104,-1.738423696,3.992410521,-1.45955036,-1.386517821,2.025756513,1
3519,-0.032135409,0.096373975,-0.711031528,-0.764649878,1.530441595,-2.237087872,1.66902099,0
1999,2.415619502,-0.996883024,-3.575635885,-0.327394135,4.083034742,0.964864831,-0.319050723,0
20,-2.334589505,-2.943708903,-3.452627724,0.76239173,4.076462369,6.346445353,0.726775672,0
50,-2.938616815,0.524454917,0.802257441,-1.475930881,-0.336348939,1.43064807,-2.298875523,1
2278,-1.346707338,-2.293757642,0.309239436,1.535801723,-0.278842065,0.056952231,4.324596042,0
1255,-1.081854865,-0.947188196,-2.298294004,1.038945013,0.809239359,2.077008059,-1.422775542,0
734,-1.557356234,-1.846123803,2.114118329,0.362187895,1.571253465,0.623795348,-0.423856214,1
2676,-6.710168902,1.035162709,-0.443712529,-1.155560379,2.5260252,3.678177882,-0.82028043,0
2340,-0.163835024,-1.963474387,-1.887763957,1.6620155,0.460578839,2.524150425,0.869982944,0
105,-0.426619219,-1.436843963,-0.660813891,-0.560818317,-1.871932248,1.269263936,-1.751339472,0
2016,-2.253727547,-0.356549007,-2.4004501,1.671237171,1.08206531,1.409127744,-1.788594744,0
1096,-0.930772193,-1.130286058,1.215034583,-0.592831471,-1.575230997,0.259948342,-1.200659973,0
2385,0.398830208,-2.2205631,2.405669323,1.496692237,-0.918728364,1.891578652,1.692950967,1
1650,-2.068321741,-1.7498196,-0.158640096,0.016842928,3.373624938,1.660209087,1.054633563,0
1772,-1.749403452,-5.746383673,1.467217611,1.203402054,-3.283043905,0.830028458,-5.387118149,0
2136,-1.150426728,-0.459379092,0.634940734,0.776135455,1.55747963,0.489847356,-2.073924429,1
3575,3.264381853,-0.426724862,-1.604338008,1.162339274,3.736083066,-0.798968253,1.732524419,1
2055,-0.567316747,3.332821453,-4.557395287,-1.008061214,-1.190466298,2.600115834,-3.023189457,1
2974,-1.780331548,-0.647456049,0.921313956,0.190042573,2.566731922,0.032294674,2.274141292,0
2239,-2.244004187,-1.23310486,-1.746307313,-0.973217303,-1.834335577,3.342083251,-1.888234231,0
3922,0.718260823,-2.947241551,1.178940271,1.107308434,-0.233513877,2.642049275,0.816681247,1
531,-1.3681164,-0.163515102,-2.748561379,1.612122394,-1.697968636,2.543862516,1.274318228,0
1715,0.567059849,1.696033478,-2.506901315,0.364452001,-1.032855565,2.002136195,2.904401259,0
3920,3.656656247,-1.500679609,-2.375430743,0.704744686,4.120672127,0.775149346,4.312841326,1
2334,0.611046549,-0.976546345,-2.349285088,1.173038849,-1.100054678,0.119111973,-0.799352658,1
2138,-0.142938459,-0.481338315,-2.28601509,1.400622035,0.147894118,-1.129558548,-2.214664806,1
257,-2.438136709,3.603286079,-3.994267383,-0.399099705,0.810791317,0.813200326,-1.674314414,1
3852,-2.963259236,-2.584702088,4.105910199,-0.056561616,2.675356273,0.998418149,-0.530663222,1
1487,-2.55634903,-1.124421914,0.471488197,1.584421208,-0.801238495,1.616117667,0.659567289,0
3738,0.646833087,-1.045231729,-2.904096843,4.465522979,-3.029308574,-1.233496269,-0.544826103,0
3448,-0.008129741,1.217734434,-0.492340612,1.292241435,-0.357776961,-1.638492553,1.508189676,1
2966,-1.009184517,-1.466640242,0.213856408,0.945569653,1.079543703,0.022702725,2.476016393,0
1226,1.915729823,-0.437225779,-1.954513986,2.937397006,-1.998594481,-0.004191505,1.543986894,0
3030,0.357199154,0.320550661,-3.239856209,2.291319097,-0.59516959,2.632138463,-2.230315931,0
1202,-2.336503631,-0.405097474,1.364606675,-0.800631969,2.657240094,-1.812021515,3.889340641,0
3003,-0.692216552,-1.029835088,-2.47627873,1.525174989,0.123992752,4.055425166,-1.968351619,0
1144,-1.215310565,-0.988645286,1.48422958,1.117431705,0.176302288,0.973651068,-0.2553206,1
1472,1.05195649,-2.570055123,2.432365786,0.064851346,-1.486975249,3.124564237,-0.859936938,1
1167,-0.9224065,-2.287546768,2.111653203,0.852655504,0.456668196,2.057953256,1.561895451,1
1741,0.118699526,0.245056845,-1.189664294,0.079945397,-0.743369358,1.538316881,0.660725219,0
1153,-2.154830114,-1.79358716,-1.102180638,-0.218416918,-1.245245873,2.202829379,-2.612310691,0
1261,1.268523832,0.161453626,-2.579152194,1.978972953,0.842068738,-0.609096373,0.625345629,1
2746,0.723156342,-3.19176182,2.189021799,2.055192097,1.412851207,1.351697349,-0.831599748,1
2849,3.687498142,-4.991516058,-3.922667713,3.363302849,1.318234133,1.072983814,-0.354309056,1
204,0.237405908,-0.743632082,1.892783174,1.366006813,1.26545143,1.023981506,1.095010268,1
3633,-1.017692212,0.806514438,1.131862001,2.677221643,1.181504985,-0.972329056,2.181118542,0
2573,-0.525793753,-2.056071225,-1.940514084,-1.300388493,3.853714603,-0.492697731,4.59635612,0
100,-1.581378996,-0.759501459,0.135359641,1.881819633,1.998052361,0.729362217,0.286883321,1
3136,1.680285433,-0.815521174,-0.491036588,-1.630587551,0.933698006,0.11482454,0.58325181,1
3226,0.380306875,0.108876671,0.838371949,0.718480356,1.400364119,-2.327666271,2.411086303,1
2632,2.873902014,-4.183853051,1.027657293,-1.754543032,3.412152843,-0.253323705,3.206656298,1
1680,-1.233481018,-0.751056508,-0.800962597,1.230868462,2.74722205,1.690282657,0.423361085,0
561,2.047236511,-5.908735742,-0.951042545,0.706629775,1.237538814,-0.202616339,-1.353458176,1
808,-0.501598942,-1.556065124,-1.492657738,2.169665907,-1.260127897,-1.199729262,-0.960916549,1
402,1.324477928,1.716616374,-0.970105325,-1.087421365,-0.47895952,0.242746815,0.149530447,1
1616,-0.976514707,-0.795726716,-0.244635036,0.611717394,-1.819678133,-1.362370906,-1.03071463,1
3492,-1.184654017,-2.765740689,-4.709741438,-0.174088664,2.02843209,4.997240793,1.935006729,0
3319,-2.894795693,-1.649702587,1.820986308,2.706713255,-0.484924511,-0.581211313,-0.771607308,0
1630,0.12967649,0.081289362,-1.677972972,0.257143014,-0.783104801,2.236188134,-1.711394876,1
299,-3.000021563,-0.47420736,1.690253883,1.534788299,1.615527086,-0.55376742,0.051771594,1
4,1.36421682,-1.296611877,-0.384658206,-0.55300577,3.030874354,-1.303849429,0.501984036,1
2789,1.961688669,-4.039953272,0.14758302,2.330813394,-0.381858613,4.142663214,0.17767679,1
2320,0.660224225,3.219762019,0.0361015,0.405034333,2.733102359,-2.811419364,1.937289864,1
1320,-0.647326963,-0.64468665,-0.690439106,0.245216164,2.864539564,-0.865274964,2.474673276,0
142,1.259488062,-0.557897892,-2.578773172,-0.488970287,2.581218915,-0.232605116,0.489466669,0
1584,-1.76394482,0.757945663,-0.559157972,1.568805168,0.047281597,0.748784268,-0.415019589,0
1292,-0.012012285,-0.23876556,-1.907742819,0.542722359,0.144425412,0.135982506,-0.396177027,0
408,1.896323161,-3.14453754,-0.399112413,2.174079598,1.037055511,3.469888038,-0.315721218,1
2056,-0.792811525,1.365261448,-1.139326284,1.44881012,-0.494653115,0.758329102,2.344657884,0
1463,1.046010753,-3.7445293,-4.502814678,5.663942617,1.673696515,-1.03994364,-0.607660179,1
221,1.759646182,1.687754544,-1.54410097,-1.89445092,-0.808630725,1.416235265,0.837999604,1
3365,-2.929453805,-0.490340884,-2.647112093,-0.96981372,0.022104735,3.243511361,-2.461445782,0
3510,-0.815174261,-1.583965323,1.87312307,-0.339978627,1.401494186,-3.250939076,1.070209221,1
2444,0.680121049,-0.82022041,-1.178802796,-1.815554951,1.669276788,0.22931037,1.582143197,1
1504,-5.489663623,-0.879753802,3.218018144,0.729640173,3.60891774,0.701062208,3.068997143,0
2629,-2.797505577,0.245841511,3.292974566,-0.553624092,2.576830959,-1.517048117,-3.806190157,1
2885,2.976558499,0.454123,0.814725936,-4.495358682,2.148842902,0.968814942,3.159536667,1
148,1.460308911,1.892238181,-1.421187896,-0.421416349,0.514115397,0.231571255,3.38751734,1
129,-1.162845918,-1.416945478,0.440112947,2.653944392,-0.095678282,-0.95044423,3.145872884,0
1155,-2.771410565,-1.084593023,-1.723839233,1.382400517,0.189274049,3.654687122,0.308340666,0
2227,-0.278953799,-0.563608436,1.888951231,1.177150821,-0.131230444,1.213522064,-0.549522887,1
688,-2.354889179,1.9288447,-0.981873033,0.434670093,-1.599872371,-1.914493597,-0.571770884,0
3328,-2.72156418,0.260152568,1.367541828,0.357822364,1.710660498,0.556430966,0.048978998,0
208,0.944946387,-3.321490816,2.967918114,0.078198691,-0.965456653,2.648436337,-0.502763647,1
3332,0.963711311,-0.186028867,-1.403153995,0.906509406,-0.994087228,-0.044597397,-1.661294173,0
636,-2.032828008,-1.471171148,0.285539898,2.169889211,-1.104245131,0.643577206,1.775743836,0
1171,-2.177589268,1.45974461,1.833740912,3.119198952,-1.906023301,-4.281311684,1.689841773,1
3900,0.047627601,-2.035773926,-1.706658975,1.760039704,1.669244066,1.843259894,2.753851267,0
3829,0.273562281,-1.836036424,-0.114427058,1.008318217,-1.009393705,-0.613617322,-2.454533933,0
434,1.222096386,0.303504841,-1.982635477,0.965516707,0.819295466,-1.363117743,-0.145661877,0
259,-1.220395543,0.727752497,0.500212481,0.941042704,1.720316779,-1.422646164,0.866285324,0
2190,-1.222465825,-1.390363637,-0.848536828,2.346494485,1.522259618,-2.98614991,0.420361836,1
419,0.734479064,-4.943761505,-0.926083011,0.108163347,5.198245939,-1.521292426,1.445026966,1
2020,1.164775257,-2.340639029,-0.490882946,2.896870727,0.86353698,2.694133866,-0.20164097,1
3268,-1.74297235,-1.697831942,-1.016429419,1.083197435,-0.501024744,1.866597326,2.693643818,0
960,1.792871307,-3.424825557,-4.087913644,0.102560494,0.122414449,2.330756511,0.914403502,1
1937,-0.294542983,1.568022196,-0.080591583,-0.58258044,0.690705791,-1.804404903,-0.163210965,1
116,-1.051734165,-3.067908145,-2.904858823,-0.622345331,3.705094866,3.241975298,0.639425812,0
320,-0.686679583,-3.020882327,-0.399128476,2.902398068,2.594570107,-3.42290737,0.468330323,1
1708,-2.855780853,0.559337297,1.783926357,-1.089256282,0.051906708,1.38053827,1.04606777,0
3395,-1.489318956,0.160940823,-0.15598901,-1.014487417,0.451833838,3.726459037,1.493954536,0
387,-0.630823511,0.25416303,-1.466816837,1.240220984,1.638016968,1.538249008,-1.242029527,0
1873,-1.964746194,-1.505150157,-1.066101412,1.570596801,-1.201169738,3.841350517,-3.922591293,0
2442,-0.038432816,-0.066770252,0.655297197,-0.15156905,1.432518508,-3.565192323,2.302842585,0
778,-1.1774893,-1.130156886,-0.464591893,0.870983531,-1.811329436,0.661748107,-1.131353718,0
2048,-1.898389482,-3.682617391,4.521893999,1.289006287,2.630410581,0.242000892,-0.299100961,1
166,-0.915869276,-2.117531246,-0.722324515,2.038503324,-1.550706333,2.45530978,-2.058734686,0
2734,-2.703804778,-0.726199855,1.998402478,0.905004713,-0.096595826,0.726881392,0.248189198,1
3060,-1.426676558,-0.631041279,-1.968492176,0.935983051,0.191725353,3.348655058,0.256349114,0
1493,-4.235595625,-2.07485138,-0.470295881,-0.103590402,-1.465810964,2.895431631,-2.693037463,0
2084,-4.886504935,-0.358219124,1.171250569,-1.406304704,0.790601197,0.559697616,-2.13744482,1
1778,-3.342110185,-2.15702522,-0.910871624,1.720650227,-0.227052872,3.030152737,2.520626892,0
2338,1.557779791,-3.556247763,2.209099677,1.185904198,0.982664799,1.779666477,-0.540070346,1
1138,-2.4691398,-0.795279218,1.931252852,3.513257988,-1.470258015,1.327658116,-1.192430581,0
3405,2.285058014,-2.401362129,-1.918880784,0.039509317,2.393542261,-0.085040676,-0.369305737,1
2418,-2.471018449,-1.339784424,0.469024665,0.888401313,2.118278484,-0.761144845,6.184145401,0
3379,0.133243212,-1.474148341,0.047766695,2.825379684,1.985239143,0.996644719,0.216463295,1
7,-1.995462096,-0.42895848,1.530643583,-0.742971676,0.158834003,0.974437858,-1.470125066,1
3489,-0.857452275,-0.288220564,0.271290582,1.688151079,-1.039244127,-1.307617403,3.565493262,0
3567,3.014566471,-0.631046495,-0.24429981,2.524328352,1.210399408,-1.507047907,1.949540556,1
31,-2.560871547,-0.096411696,2.413774105,1.318293666,3.271688133,-1.797184556,-2.636844815,1
2606,-4.103053877,-1.490509462,-0.335211316,-1.590208284,0.767232689,4.164601849,-2.309132459,0
692,-0.869662383,1.294127375,-0.16270057,-1.738675991,-0.204100301,1.251897627,-3.280269971,1
3722,0.017242902,-3.312535365,-3.099932129,1.350343462,-3.025360641,2.711290269,-2.931796158,0
648,0.550022962,-0.873322382,-0.584005553,1.14080519,-0.525227231,-1.189967913,-1.982356,0
1254,-1.875792192,-1.548049772,2.174160765,2.340987516,2.14939783,-0.060246477,0.537010434,1
2615,-0.026637595,-0.403571348,-2.318025797,1.562508044,0.3697467,1.488852179,0.072530064,0
2448,-1.618332762,-1.584919085,-0.653479821,1.247518528,2.652649048,1.31273798,2.405837627,0
1851,-1.04780754,0.12558506,-1.04180936,-0.36367479,-0.030234754,-0.972013257,0.260141062,1
1862,0.249423487,-0.80950236,-4.113597218,3.278214575,-0.738681801,2.663672429,0.689321251,0
1590,0.666806943,-4.500285118,2.986090244,2.731772147,2.605307303,2.224400734,1.445360694,1
3719,-1.753948737,-2.404526608,3.030541966,1.461401776,1.282876617,0.320760295,-0.401986967,1
214,-1.12376402,-1.662628406,3.388158228,2.151275882,1.799548828,-1.995137818,-1.484347485,0
3187,-2.747330489,-1.093614998,-0.682519393,0.780432745,0.83226379,3.188638335,0.691372124,0
2092,-2.649470223,-2.985518495,3.760676514,-0.083911497,1.78951681,0.359650005,-3.427009421,1
2668,-2.992059083,-1.844290646,4.023932129,0.286137765,2.101855679,-0.66838724,-3.671779429,1
1488,-2.683480115,-0.765732142,2.260755849,-0.796973774,0.878141381,0.59503059,0.198625883,1
487,-4.57472641,0.195993417,3.770370286,1.464653121,2.75028225,-2.540249044,-1.800760146,1
3493,-0.04876963,-3.673058377,4.666591292,0.902855809,-0.373095485,2.25559837,1.284336116,1
1296,-0.837544948,-0.331564762,-1.161219893,2.860077752,1.080275,0.594708167,0.112949559,1
2149,1.136051035,-0.295270112,-1.619187353,1.987419922,0.019736322,-0.840226087,2.568845781,0
2025,-3.523589685,0.494272579,-0.275020086,0.046170188,-3.122809512,-2.132912321,-1.668711571,1
1363,1.948034077,-0.77565168,0.714293701,2.223279282,-0.018978448,-1.301383556,0.81596028,0
2670,-0.819008686,-0.780292148,2.022567305,1.394313205,-0.903509093,1.655351353,1.21299242,1
2736,-3.023518005,0.788435082,-0.464986427,1.197576895,-1.939371939,0.421798538,0.914096944,0
1365,-1.973096645,1.731856779,-3.32200278,-0.698491334,-0.610942373,3.563733566,1.426287521,0
2788,-0.124926709,-1.193343565,-1.980321077,1.657816586,0.44813076,-1.473854046,-1.876145015,1
1100,-1.639128331,0.021700516,-1.885064695,-0.413210631,0.059471927,1.731655029,-1.437493738,0
456,-0.141585523,2.091738887,-2.431368322,1.498578364,-1.071765003,2.290815025,1.12172416,1
1723,0.084006117,0.501948566,0.393967503,0.832274186,4.047954181,-3.314816666,2.50518817,1
1681,-0.184275415,-2.271774612,1.011263238,0.839124021,-0.577867765,2.404308476,0.772937754,1
2170,1.815654354,-1.400693764,-1.194499318,1.699903,0.876602364,-0.030886264,0.557724553,0
2713,1.226203325,-1.020326396,-1.333379827,3.025561117,-2.504680702,-1.840986463,-0.801434151,0
3590,1.222650678,-1.675179979,0.919847603,-1.906820275,2.1613968,-0.484258498,4.077163435,1
1506,0.352827964,-0.855003209,0.468818217,2.70805782,0.53493377,-3.282426351,-0.452462829,1
1348,1.248664438,-1.05387307,-3.041106798,0.73023848,0.839339401,2.153674036,-1.494699742,0
3856,-0.98304139,0.513265182,-0.149099162,1.780467293,2.010520587,-0.461653724,-1.003866289,1
1887,-0.805783921,-1.743926938,0.454461707,-2.837197281,2.275893805,-0.857040545,1.397096248,1
460,-0.447992051,-0.15917642,-0.397702071,2.068555528,-1.224156944,-0.400727964,0.495203413,0
2729,0.040653955,-0.355053312,-1.430205204,1.661561304,-1.733064905,0.767835792,-0.37030521,0
1003,0.48573438,-4.694670684,-1.94594246,2.022091675,0.861829748,-0.643013894,-1.414626558,1
283,3.66109756,-2.309110531,-2.734424094,3.635042845,0.37611387,3.827175636,0.026171935,1
363,0.94380087,-0.879667109,-1.774053278,3.478484629,-0.254345217,-1.358062477,1.281925544,1
384,-0.104860164,-1.219418433,-1.117414971,2.734317645,-1.376994015,-1.910942852,-2.292075129,1
2102,0.025323798,-0.774397273,-4.819656618,1.129533855,-3.017921521,2.716157467,-0.99116221,0
2310,-1.072557405,-1.030779899,0.619457809,2.405212292,-0.049185447,0.704282549,0.273804412,1
3002,-1.123378014,-1.396914664,2.178744859,1.07739845,2.100608805,0.293826351,-0.600271979,1
3594,-4.921335618,-0.231576888,3.079896038,-2.011756053,0.528195017,1.303737328,-0.840986776,1
2082,1.223932556,-1.578319,-2.496060409,1.978215753,-0.999783719,1.465061575,-1.494874657,0
2767,-2.596229438,0.62915345,2.885897542,1.54810316,-1.400055584,-2.251373139,1.496261501,0
2466,-1.192530716,0.48112487,0.572513757,2.060100713,-1.456855317,-1.86631651,2.325145985,0
3573,0.549132518,-2.966270367,-0.139809845,-0.24507788,3.867031384,-2.255972748,-0.003109107,1
699,-0.79959372,-0.501724994,2.197018238,-0.177494615,1.263451954,0.633092235,-1.501630364,1
631,0.217270133,-0.696806704,-2.27969289,1.084089963,-1.026209252,1.975997472,0.057094164,0
3854,2.584820091,-0.920042147,-2.421684207,-0.397227988,2.93501855,-1.2958862,2.309331461,0
2319,-1.746794641,3.511757902,-2.191907688,0.568637437,1.27942102,-0.584781436,-1.188675877,1
2948,1.453284112,-1.110981294,2.34244945,-1.484933376,3.415983799,-2.167187224,3.220311509,1
3853,-1.346421206,0.325349557,0.363486687,0.919303703,-1.428069002,-0.532935378,0.630116237,0
2691,-4.122995743,-4.098127683,6.374915513,0.467545479,2.835062913,-0.33644327,-1.244418116,1
3671,0.946689459,-2.081213324,-0.111165921,2.136934946,-1.980891217,-0.782724507,-0.994363844,0
1020,0.413824406,-1.216512236,-1.41426186,-0.183651265,-0.364973015,1.292809043,-2.124795261,0
888,-0.286679192,-1.726295289,-0.241288132,2.685789863,-1.765188865,-0.159748947,-0.490589561,0
527,1.20678634,-0.508979201,1.736206944,1.301010753,-0.556148589,-1.332051678,1.009155619,0
1453,-2.903713423,-1.417610117,-0.973157176,2.132318869,-0.845185445,4.65908558,-3.191608959,0
124,0.089707401,-2.249989911,-2.673620318,2.762214054,0.035969561,-0.903596811,-1.456133779,1
483,0.481432072,-3.028141906,-1.226663007,2.706391965,-0.004012364,-1.45507945,0.744692034,1
3651,2.539110403,-1.781323994,-0.464490145,2.84389669,4.002744104,-2.228520372,2.360765322,1
2835,-5.098034701,-1.410618566,1.840810198,0.539962084,2.462703196,1.660012252,2.600716106,0
276,-6.129668144,4.738226808,0.25347735,-1.393228031,1.964849465,-3.41088064,-5.015263697,1
848,-1.09716949,1.375531166,-0.684202183,1.990823744,2.508599359,-3.885317568,0.894076504,1
3020,-2.323340528,-2.585398763,1.307611767,1.118135737,1.429309401,-0.19873985,-3.861990488,0
671,2.133049796,-0.568611692,-1.162652035,0.470720751,-0.210563181,0.691633083,2.465236699,1
1984,-1.507007906,-0.37218244,-4.486023577,0.048306142,-1.10981054,4.961810904,-0.393669424,0
3476,-2.130681586,-0.789802159,2.145929305,0.379784191,3.972146442,-1.20722256,2.665086812,0
2649,1.233348216,-1.12092188,-3.15945459,-0.045714601,3.124290981,-0.224951622,1.754105271,0
2137,-1.288116458,-2.044986299,-1.57236597,2.047004622,0.50247014,1.19218136,-2.711856524,0
1943,0.783392908,-0.782197492,-0.177542644,1.217637139,-1.441139571,-0.454873235,-2.148650397,0
2602,0.116793851,-6.428075468,0.68601459,1.245959225,1.666736281,-1.914961964,0.723795542,1
3169,-3.179952884,-1.644596613,2.72318882,-0.850852438,0.524518229,1.417132305,-0.756864314,1
2175,4.305849179,-3.431048364,-2.630272319,3.62169029,1.385819172,3.792586559,0.11629875,1
3971,-2.634620957,-0.445614779,-0.344895203,1.078072017,3.364615804,-0.408180028,-3.376490049,1
2863,-1.410061215,-0.607507609,1.44786118,1.205564507,0.495130239,1.097101824,-0.472352512,1
67,-1.569763886,1.059864965,1.518880096,1.666096276,3.068931353,-1.48035112,2.769458608,0
839,-2.333227356,0.789809118,-0.320618907,0.092722216,0.072852649,0.728017955,-3.47105338,1
2332,1.49399631,-0.785932627,-1.410616611,1.133285644,-0.281787512,2.259486573,-0.195111846,1
695,-2.993467034,-1.352156231,-1.114300386,0.879548838,1.695973833,1.372209687,3.764854713,0
1375,-1.682198967,0.568254915,-1.091793988,0.10417474,1.862260749,1.441508421,-0.572295971,0
2866,-0.035349927,-0.616466342,1.890526496,1.676704124,-0.713152004,-1.026423023,1.020470369,0
377,1.824193746,-3.037112401,-0.40800985,3.245619895,1.558216249,2.832982388,0.585740646,1
3015,-1.467316129,-0.342541989,-1.922702604,3.071344785,-2.648252979,-0.118562775,0.2467183,0
400,-1.455035126,-0.094436686,-1.810406774,0.631183733,2.116621914,-2.282721694,-1.590347457,1
1808,-3.228958413,0.813326753,0.611730891,0.056863426,2.024405192,-0.947051823,-3.556199706,1
2564,-0.948975305,-2.38338866,-2.755569467,0.160832139,2.190631414,2.730760791,0.721337439,0
787,2.06547763,-2.402223572,-3.101408793,3.617004291,1.900639338,-0.941696086,-0.373300429,1
499,0.21501798,-0.540548878,-0.423471758,2.210893195,1.230233955,-2.431374433,0.78028109,1
3335,-2.429393276,-0.072492924,0.675312577,0.6567841,2.658558184,-0.018457088,1.42771444,0
3674,-0.863086673,-0.759133573,-0.683856552,0.031125912,-1.671518145,1.262743446,-0.568033409,0
1703,-1.318353125,-3.237418336,2.997671771,2.497222689,3.050363935,-0.659743784,-2.054184632,1
3990,-1.396794076,-0.599595566,-1.931103753,1.815667553,1.670732306,1.614026677,-0.987967575,0
1695,1.352048831,-2.032350103,0.344710871,4.526747014,-2.25923863,-2.297173958,0.022797108,0
2594,-3.197230809,-0.700181291,0.062501869,0.234324559,0.37137133,1.625454253,-1.369954154,0
1071,1.668865185,-3.592426551,-2.907858606,1.598578125,-0.849828113,0.752074557,-1.660211588,1
119,-0.591987065,-2.618652027,-1.073478951,1.114681034,-2.536374537,1.75475805,-1.660639485,0
5,-3.425399755,-1.409082204,-1.913511195,-0.555774864,-3.85307147,1.914615916,-2.981523169,0
3453,2.442529415,-1.428325439,0.003941325,1.032933409,-1.05092252,2.903452303,-1.906380646,1
838,1.487181294,-1.822071356,0.81473257,0.802818958,1.933549944,-1.841884042,2.448169699,1
628,-3.419253835,-1.897853228,4.162393976,-0.593183013,0.371964909,1.024138408,0.195606576,1
1685,0.563295088,-1.936232168,-0.586950502,2.468521986,-1.029151064,-1.695442711,-1.033433159,1
2918,-1.651353196,2.005652977,0.855591237,0.047862302,-0.855234452,-2.625740185,1.870309153,1
114,-1.712198696,-2.529664978,-2.066911436,0.443358568,3.54650754,1.021727292,5.170171939,0
2608,-1.356045747,0.470946074,-1.195249891,1.112279503,2.172755959,0.780758163,2.00555776,0
1794,-0.85260778,-2.40937677,-4.204689839,0.284769457,-2.557982346,4.092179418,-2.878008873,0
1781,2.603118161,-1.954613579,1.435782368,-0.31089449,1.320566242,-0.662860194,3.844658129,1
3844,-2.862726827,0.577681534,-0.252583607,0.764674018,1.777822979,-0.563261512,-3.670269251,1
998,-1.326769718,-0.502953425,0.145566907,0.872708264,1.655474327,0.75639619,-0.777125843,0
2936,3.444126119,3.772172807,0.635240185,-0.126254628,2.145363477,-1.032738125,4.266416653,1
3252,2.229054486,-1.591630518,-4.369493538,1.012074406,0.995412987,2.743001766,-0.921203548,0
316,-0.425371533,1.238848345,-1.335193504,1.940137118,1.96648374,0.104978381,-1.922671396,1
1992,-2.585615654,-0.045807165,0.870952196,-0.136892704,-0.037032279,1.07186425,1.50001457,1
420,-0.580186446,-2.573039872,1.363673742,1.053468649,0.487122307,1.5894238,-0.791927318,0
1325,-0.082982561,1.373660198,-1.091739168,-0.640550402,0.976091712,0.854332308,-3.776445756,1
3707,1.237467716,-3.653573163,-1.406557037,0.723784547,-3.468093242,0.061522535,-4.311281608,0
707,-0.199288647,1.212181889,-0.534498781,-0.411726336,1.231652006,-1.202446122,2.823337043,1
1491,-1.689473463,1.854257153,-1.709250811,4.169339828,-3.245956515,-2.353093056,-0.920848181,1
3285,-0.585505154,-0.82153333,-0.90870239,1.222367188,0.64208128,-0.173078991,2.233682316,0
1316,1.103704396,-4.586476712,3.405310455,3.269742436,0.208975275,2.869315,4.334399653,1
1470,3.5614343,-1.507359479,-1.712780334,-0.562655933,4.636004563,0.459920304,3.47299406,1
469,-3.157804963,-1.790544603,1.532856947,0.145359245,2.537521097,0.804340631,1.692455508,0
1728,1.19105042,-1.427188765,-1.461806631,2.441134941,-0.033491112,-0.494657535,2.696619742,1
3697,-0.258636257,-0.400312462,-0.175797778,1.446483354,2.514169981,0.437559243,-1.238271661,1
927,-0.844439361,-2.54502454,2.782870463,1.439656354,3.140890888,0.441873909,-2.189896681,1
3897,-3.23692679,-0.20470941,1.172163285,1.953748294,-0.882899604,0.627904887,1.358347765,0
1825,-1.828841706,-1.61287823,-1.100526643,0.282244512,1.357310878,0.971688455,2.01698413,0
3896,-1.404325861,-1.030842616,0.614536356,3.275190074,4.065916227,-0.663156647,-2.072047579,1
1307,-2.388876578,0.781842815,0.748192686,-0.198102163,0.930344776,-0.628333249,-1.833064431,1
3686,-0.950541723,-0.878032973,-1.381008463,2.264994488,-2.574356228,-1.511089384,-2.005624759,0
3129,-0.640555278,0.399305799,0.449963686,1.66364063,1.477343891,-0.270789883,1.021798877,0
1087,-1.583842619,-3.11319103,-2.016749975,0.832117879,-0.852942432,-0.625209532,-0.758572586,1
2222,0.620445662,-0.008587452,-2.158843757,1.91504063,-1.280245897,-0.342763465,0.022420828,1
2204,-2.890416748,-2.458837644,-1.909801503,1.449790235,0.329820133,4.568928461,-0.337194942,0
3239,0.109009318,0.059472994,-1.978437102,-0.80508056,-3.696736876,1.108279225,-2.742458438,1
690,-4.041377779,-0.091098329,3.038879655,2.128703735,1.489011707,0.019624634,2.473983711,0
1008,0.617173994,-1.361685937,-2.621162853,-1.075201067,3.260811348,1.326728883,-0.805294862,0
3874,1.92588849,-0.984398455,-0.12744117,-3.414805063,7.364402864,-1.342563133,2.064066964,1
2531,1.578301559,-0.642760665,-1.199464079,2.911085532,-0.804543096,-0.249473766,0.86587971,0
3988,-1.857834005,1.545697526,-2.825358661,-0.52653283,-0.60250533,1.338497914,-0.395376725,0
2616,0.061756939,-0.803275831,-1.585623048,-1.01708716,1.668463696,-1.021758294,2.342807242,0
449,2.249778955,-2.909620114,0.20515974,2.608040794,-1.7618446,-1.562021251,-1.963420629,0
3106,-0.124659043,-0.887231349,-1.626181345,1.3629989,-0.275989211,-1.051163227,-0.06847672,1
3253,1.391377688,0.955943511,-1.433923906,0.724165627,1.864884502,-1.268119974,0.007160799,1
2972,1.485462035,-3.12195498,1.255659576,2.124263466,1.272228313,2.936911868,1.059464845,1
217,1.566665946,0.868559307,-0.044273458,-0.716642918,1.768542663,-0.872781355,2.684720448,1
3449,-0.917818667,-0.48981459,-1.907434666,1.996227897,-0.516864958,1.622112554,0.142606588,0
1595,-3.191597254,0.373525228,0.636532181,-0.62580678,1.040844599,0.323503241,-2.31541651,1
2712,0.833656982,0.323621627,-1.529965813,1.357275217,-2.954917222,0.009777416,-0.739283923,1
3586,0.284831799,-0.512410601,0.227518639,0.52380223,0.872697995,1.216290058,-1.381367881,1
1377,-0.900717148,-0.092367657,-0.089235244,1.616161179,-0.53162328,-2.144483172,1.102208093,1
2954,1.799464848,-1.364421423,-2.53351381,0.160649853,-1.398444131,1.679530599,0.411447337,1
749,0.564192064,-0.591640455,-1.294808081,2.10753591,1.470738327,-1.610299873,1.986156356,1
1175,0.087577087,-0.274182776,2.016603624,-0.402174733,4.107583543,-3.34677381,3.991479474,1
1200,-3.523716271,-2.087445386,-1.241617655,0.305846551,-0.081689252,1.571104344,-4.438979897,0
98,-0.201342768,0.579131757,-2.126035342,3.129284882,-4.401848909,-0.552627575,-2.249965831,1
3665,1.509341662,0.870359499,-1.6121142,2.454735384,-0.423508598,-0.724339547,1.93905777,0
634,5.866231802,0.821114307,-0.592951066,0.768463534,3.050095296,0.684049264,6.70139469,1
3811,-3.08123331,-2.236942974,-2.437816625,-0.298787447,1.061382849,2.217881049,-5.795137698,0
2145,1.652673127,-4.980836026,0.873583607,4.479749518,-1.877823339,-2.154690413,-3.545769631,0
1556,-1.378301277,-3.005818132,3.538818825,1.093620599,2.480568215,0.678380249,-1.244207232,1
925,-1.953494882,1.458415502,-1.243689029,-0.565880003,1.07431623,0.306922814,-3.65321852,1
3093,-2.973739133,-3.093763298,-1.592586672,-0.008897943,3.499584625,5.396966334,-1.838594058,0
1356,2.958601112,0.374302453,-2.620356133,-0.564812223,-0.208029409,1.950718361,1.514154771,1
1406,0.21657671,-4.102544698,-0.243894427,0.848539091,1.94234651,-1.23947499,2.691332311,1
2579,-1.916705428,-1.773344523,-1.270688433,0.359605912,-0.236985675,2.497780658,-2.045905812,0
3459,-0.105073377,-4.607425973,1.198867791,0.8599053,2.709267586,-2.563325471,1.776869606,1
462,-3.820327014,0.737890287,1.40228473,-1.026727144,2.101236315,-0.333243731,-1.29240429,1
3465,0.991860589,-3.058353496,-5.168691016,1.060518533,0.886263913,5.484759901,-2.218992645,0
1707,0.522224741,0.652557389,-3.069178119,2.955208455,-1.740692822,-0.725726315,-1.98381094,1
506,-2.073639764,-1.212834089,-0.818440188,3.808834762,1.013863173,0.748660841,0.026134195,1
1430,-1.558994888,-0.694853679,-1.540423726,1.626082259,-2.091961313,-0.328981654,-1.732498176,0
394,-2.258040786,-1.917480134,1.804333022,0.052867324,-3.268090827,-0.780899877,-2.395380818,0
804,-0.276871875,-1.280344096,1.377729536,-0.607729727,-1.349679892,2.68824004,-0.058599695,1
2251,1.201796665,-1.823887812,-1.199269667,0.093851853,3.267926982,-0.971823772,1.630534548,1
1706,-1.752066684,1.227673321,0.225772989,0.668944177,-0.094356481,-0.069580575,1.293012809,0
1476,1.803309978,-0.516003276,-3.738179988,2.623058818,-2.527129856,0.824589391,-2.528922726,1
2106,-0.489236652,4.093888412,-0.117897264,3.427268325,-1.232980826,-3.759720025,-0.360762862,1
1141,-2.375613934,-1.040194121,0.867260144,1.0911524,1.473156448,1.435684985,0.244738583,0
3834,-1.365774478,-0.927933605,-0.922272697,0.114198653,1.449046492,0.196497333,0.882688273,0
1900,1.368457614,-3.336679459,-2.614885968,3.099659404,0.207258966,-0.441296764,-0.321599953,1
1329,-0.06247884,-1.271620546,-1.614192274,4.550573717,-2.929723144,-1.311799945,0.123584465,0
486,-1.715865191,-1.358110131,-0.692590268,0.96165294,2.959096382,2.923618275,-0.43826909,0
1184,-2.303770321,1.878451438,-0.44679623,0.322724266,1.171032321,-0.821400531,-2.674506672,1
1734,0.628065235,-1.461070961,-0.373526282,2.955606409,-1.527220731,-1.683372812,0.642705013,1
2832,-1.520566155,-0.146925139,-6.894485494,2.216431349,0.129410702,2.291799644,-3.176894759,0
1494,1.692262221,0.355875195,-0.766256013,-0.94558728,1.224043621,-0.136728518,2.505367723,1
2111,-0.694671654,-1.573373246,-2.501968221,2.817212839,-3.079667471,2.544749362,0.518192204,0
2208,1.867104765,0.036132936,-0.016261292,-0.134033853,3.790914295,-1.49410829,3.251512146,1
2964,0.962091239,-4.516876866,-0.156610641,1.404098983,1.729480614,-1.406989776,1.059900355,1
3643,-0.491633391,-0.602562968,-0.206738132,0.906869069,2.235162841,-0.902593416,2.926372989,0
3782,0.683613642,-0.625453069,1.284086802,0.770128623,2.527533775,-2.814109779,2.954526914,1
2118,-0.799235753,-1.0586878,-2.448060515,-1.491060438,5.794131442,-0.32507994,2.309399752,0
3999,0.27853965,-1.715505028,0.121217251,-1.154074758,1.2666774,-0.77657147,1.599796456,1
1645,0.376422517,-0.511875344,1.625465022,-0.939925324,0.304955882,-1.381506256,3.283154894,1
121,-0.776404994,-0.116796706,-1.813091624,1.241549833,-0.577928389,1.3258787,0.224019932,0
2535,0.195053866,-1.695443319,-1.539490605,0.777202672,0.394889798,3.100585133,-0.566140943,0
551,0.854073273,-2.952643485,0.426190629,0.402772709,3.296774169,-1.750895261,2.790841777,1
2423,-0.710888637,-0.040224087,-2.137088958,1.190567056,-4.327240599,-1.039063711,-0.961324304,0
390,-0.153110977,-2.489734041,-2.194768088,-0.590088534,3.560605401,1.828832509,0.205756573,0
2990,-3.010279868,-0.664851344,-1.906940603,-0.283595624,0.571321127,3.22411785,-1.721947865,0
3372,3.387153393,0.270365037,-4.021377169,0.674677363,1.499498251,1.981180578,2.484374946,1
1499,-1.349722145,-0.925788353,0.77660359,0.969629154,-1.719256114,0.088880986,-0.212711899,0
3067,-1.161463499,1.581072687,-2.399866961,-0.236107018,1.886987636,0.749778458,-0.218830741,1
948,-1.210806251,-0.724530015,0.834792768,-1.626050452,0.233619665,-1.569586214,1.124419217,1
2681,0.761819453,-3.177292315,2.25598581,1.39053255,-0.309898671,2.555685171,-0.147493032,1
2283,1.199048252,0.495285195,0.521776746,2.339570633,0.305640771,-2.82010156,-0.045751867,1
76,2.249782051,1.30681125,-3.362142903,-3.292343017,1.536373323,2.322693886,0.171703758,1
751,0.517881697,-2.57873522,-3.349119296,1.918513719,0.296203604,0.042440421,-1.504922768,1
2268,-1.23879291,-0.380977512,-0.439442155,0.490315949,0.978204212,1.573302181,0.355785802,1
3184,-1.798429335,0.536848152,-0.871272937,0.327010326,0.195390915,0.970268562,-3.354846721,1
270,0.410513623,-1.073639887,0.217295221,1.095006769,-1.446178928,2.216869264,0.727058624,1
1411,-5.478006479,-0.98187351,4.637864905,1.440098329,0.901111168,-2.40396897,5.746699131,0
93,-2.090430519,-2.261319641,3.822713915,-0.512140853,0.660595132,0.663423371,-1.714085315,1
3406,-0.982356359,0.297004921,2.227891064,0.526645298,0.454336766,-4.182876999,3.905349775,0
117,-1.447494934,-1.136977946,-0.836801233,1.932464027,-1.512099553,0.801874172,2.669102823,0
1116,-1.575929644,-1.184093819,2.651744599,-0.742934134,-1.851140846,1.993245316,1.602278558,1
3368,-2.78777361,-1.716155228,-1.886268596,-0.547641279,-3.216239256,2.751449887,-2.484300312,0
2780,0.987881878,-0.517975231,-1.517746024,1.375478908,0.749637629,0.883371443,-0.792172479,0
130,-3.423662708,-1.835010061,0.79489908,-0.557657446,4.606234531,0.177582667,3.766012647,0
2388,-2.830463095,-4.371521936,-0.790808931,-0.940962021,4.038744128,2.77429988,3.816880808,0
2210,-4.780676626,2.519171413,-3.199009274,0.0497139,-1.396157619,0.646605119,-0.525431727,0
3345,-0.425977379,0.657611421,0.967383217,0.080754669,2.987883744,-2.443464517,1.271605588,0
2424,0.526586204,-1.353058666,-4.916783135,0.604765684,0.345793604,2.741096659,-0.072155984,0
3655,-0.887670541,-0.084857387,-0.755431175,0.145391828,1.062442109,1.453168701,-1.950320823,1
1053,-1.157606857,-1.263104355,-1.680959385,0.733119419,0.186830464,1.200394976,-0.24299231,0
2146,-1.865761716,1.057888502,-0.485027752,-0.063377955,-1.78388516,2.255705213,-0.150866596,1
104,-1.572555914,-0.009042436,1.969436236,1.884461994,0.977655875,-0.655248809,2.127518998,0
1916,-0.093939404,0.13987119,0.645932492,-0.35896274,-0.525481522,1.858333496,1.054950604,1
901,-1.065431023,0.143722638,-2.74007107,1.707320601,1.50847751,3.965112143,-2.061053621,0
3404,2.080913137,-2.846037672,-2.46682406,-0.119166605,0.893167571,1.063165124,-0.453097422,1
2661,-1.152540087,-1.72658156,0.108166227,-0.721117082,3.427003943,-0.698614968,5.125138503,0
3770,-3.555706047,-1.911872724,-1.91447457,0.279977722,-2.931597883,3.456197669,-1.906439223,0
560,1.06107508,-0.30459199,-3.493868392,0.935043097,0.882095986,1.31669014,-1.514089626,0
3842,-1.77278535,-1.252288164,-1.97982907,-0.65974203,1.668911005,4.918455094,-1.191132861,1
2877,-4.85723015,0.918827133,1.828043929,1.05362924,1.162220189,-1.082272142,0.734982747,1
712,-3.900710623,-1.295270791,-0.882283558,2.53104502,-0.866996586,2.692471885,3.616898168,0
3457,-2.923748946,-0.550624456,-0.9591036,-0.109378881,1.146813049,2.389869131,-1.733447098,0
3223,-1.941595223,-0.253941447,0.179096774,0.585305555,0.266427133,3.550085296,2.434947598,0
1086,-0.670604021,0.120199857,0.36261192,0.747603899,0.777548867,-2.264454118,4.17939151,0
3653,-0.544405715,-1.240239165,1.378228533,1.645772913,1.042866782,0.349052315,-1.947408878,1
2264,-2.702049465,0.347910839,-0.300995475,-0.547443371,1.860433081,0.630312412,-0.676107581,1
601,1.615052907,0.845144281,-4.460741756,0.864101461,-0.770955855,1.905377569,-0.008136378,1
1614,-2.381829104,-1.622296395,-0.478148258,0.286451762,3.424725096,0.37559611,4.264650581,0
2343,1.300293491,-0.519281049,0.430921426,1.241763305,-1.465792203,1.784157992,-0.180916277,1
738,3.414941934,-0.60342316,0.665699308,-1.788599548,4.022488353,-0.29982674,3.86888573,1
841,-3.663084494,-0.178635441,1.719192885,-0.048221143,4.262458179,0.781106779,-1.877867469,0
3156,-0.013655423,-1.087966462,-1.956034696,1.99403633,-2.108647791,-0.418796848,-1.570350881,1
2772,-0.585680875,-1.928853775,-2.954123343,-0.767824892,-0.507520498,4.125721703,-2.36761053,0
2717,0.876574107,1.098908059,-2.342391546,3.372499496,1.419203038,-1.866150256,0.803956698,1
2563,2.287517152,-2.170972617,-0.93173308,3.136561456,3.497371377,-2.396689105,0.581808577,1
2973,-1.994285176,0.084999774,-1.037805483,-0.722172122,0.204845734,-1.520301793,-0.19466949,1
2993,-1.83843169,-1.186596296,-4.037844783,1.292917036,1.808180985,4.03251862,0.249018548,0
2693,-0.493533401,-0.282383958,0.677017071,1.642501476,-2.889236048,-0.226277913,-2.589271476,0
290,-3.219872985,0.375194492,1.64994671,1.482105062,1.0462769,-2.201671562,4.04329901,0
2382,-2.105049328,-3.789945038,1.723246814,2.780501888,2.251864247,-4.805813898,1.603692081,1
3488,-1.669019235,-3.96971608,-2.343073081,0.689359012,3.32173765,-1.541197505,0.753544133,1
3647,-2.754867776,-0.703909382,-0.459260284,1.88132249,-1.11462496,1.091556689,2.575213796,0
1313,-2.232346534,-3.122776695,-0.050881384,1.844093064,-1.606846371,1.514639958,-2.556006369,0
2703,-1.129248487,-2.665772074,3.417096388,-0.663709232,-0.793826028,2.9810239,-1.448802504,1
735,-1.252079173,0.379558653,0.630378058,0.895983698,1.815175987,0.584135752,-0.773422808,1
731,0.786645245,-1.188885508,-0.703423294,2.02625747,-0.164522692,2.108956451,-0.728190556,1
2965,-0.559823724,-0.333295811,-2.005807128,2.969826724,-1.715612407,-1.418697582,-2.225723904,1
3776,-0.720558168,-1.825554306,-1.399212314,1.526301931,1.918711374,0.409453501,3.738833794,0
3678,0.592845748,-0.967982939,-1.42466522,2.620696053,-0.533477905,0.413022627,-0.140260908,0
3109,3.348147905,-0.676277097,-0.163897447,2.992265196,1.339167848,-1.562932923,1.284231392,1
770,0.644361094,1.949245987,-0.518537193,1.210917419,-0.260259898,-1.298721749,2.620061624,1
2282,-2.110772992,0.459945924,1.803417804,-2.301612047,-0.227348865,1.571548785,-2.639847185,1
1918,-0.585695101,-0.9056982,1.232224513,-0.199455764,3.480448859,-2.88333219,3.600796684,1
2921,0.759850627,-2.777437304,-0.974944817,1.743758936,-0.538270992,2.698857792,-3.142710335,0
376,-1.210442904,-0.713919725,-0.40248465,2.033803971,0.533503547,1.075882717,0.329818384,0
60,-3.464155339,1.352111148,0.458025722,0.892746743,3.129818456,-1.74467453,-2.204610725,1
3261,-0.429563811,0.058149216,-0.997900265,-0.178884865,2.492185845,-0.169497375,0.210347278,0
967,1.85333895,1.142824223,-0.656871904,3.643154289,-1.897169018,-1.128151025,-0.923307315,0
3683,2.555090846,-2.591458448,-2.617397357,-0.915404855,2.207459549,-2.606958158,5.478025057,0
147,-1.528953268,-2.205766019,2.315552145,1.345569372,3.644528254,-0.297462663,-2.386929328,1
2838,2.444539016,-1.847246342,-5.190255732,-0.084956614,1.034687884,1.921855817,-0.616023504,0
2751,2.056736342,-1.764832269,-2.377774494,3.139775347,-1.97210389,0.044725112,-1.941251654,1
1576,0.912526447,-1.044129222,0.377959505,1.468373746,1.118668245,-1.911219506,2.589818171,1
245,2.509374487,-3.113597384,-2.800003752,2.152582008,-1.289594648,1.091546428,-1.022113594,1
2949,-1.106248249,-3.748715042,2.899171796,1.15004173,1.410175235,2.244369823,-0.364772303,1
355,-4.902445625,-0.665739714,2.699210099,1.728527493,1.32193595,1.074921259,1.611813638,0
3056,-0.146451471,-0.354807223,-0.153954553,0.593859709,1.316648405,1.03753562,-1.795486331,1
3159,-2.345911563,-0.103097004,1.150390986,1.628029728,-1.399632034,0.358785703,-2.62072577,0
769,1.975435166,1.479167094,-1.28163655,0.094645075,2.811324265,-2.693316224,-0.471432166,0
2702,3.436588668,-0.789016575,-0.72497271,-0.175611649,2.961983834,-0.290080505,1.817069571,1
530,1.843439162,-1.801133155,3.093698905,0.869796886,-1.241769184,-1.456677989,0.489432337,0
407,0.805328794,-0.377444111,-0.302493264,1.718357761,-2.685612001,-2.047090187,-0.250708498,0
2255,-1.859442617,-1.809485522,-1.534746818,0.944652976,0.535281082,2.076456979,2.052889264,0
1161,-0.854419598,0.216672266,0.783628193,-0.093935613,1.778851464,-2.469490388,2.544447652,0
2773,-2.94323891,-0.867864824,0.385064181,1.181463736,0.915845195,2.069714403,0.294390408,0
3876,-2.941900133,-0.677296819,-1.801199043,0.334617071,-2.229984775,1.869168012,-1.331010488,0
3569,1.586819494,-0.821387709,-0.191647112,2.969261308,-3.476637725,-0.9439136,-1.447407664,0
2328,-2.970585859,-1.67569901,2.673632118,0.646731152,1.943992978,0.726577731,1.097634922,1
2366,-1.146725316,-0.548734161,-0.298044781,1.167566885,-0.10334691,-0.167098766,0.892245948,0
1222,0.184781986,-3.970656444,3.020796847,0.147700876,0.071198093,2.991972655,0.673504733,1
417,3.850328161,2.174361026,1.590183834,0.74911099,1.432184459,-1.270216706,5.000494671,1
1877,1.077682621,-0.556638881,-1.228849147,-0.423770029,1.167051075,-0.058015046,1.631611692,1
2804,1.205967132,-0.079763934,1.861867347,1.258832012,1.203465754,-2.904054923,2.423928679,1
435,0.071200656,-3.021763247,-2.432415933,2.649502477,-2.987988388,-0.543399449,-3.933729069,0
1109,0.778994359,-0.637063547,0.730897764,-0.062357364,1.016756745,-1.478821657,2.548896236,1
1478,2.509913516,0.71684476,0.7430151,0.984577608,4.0270722,-2.279605597,4.300782725,1
2321,1.119112959,-0.668322898,-4.003993841,0.382810604,0.636288026,1.409675,-1.444479812,0
2771,-0.324155845,0.817371671,-0.473280421,1.756753798,0.330411544,1.140859721,-0.320573507,1
1648,1.056632045,-0.393910505,-5.484366741,2.009062682,0.46374277,5.230216662,-3.488597892,0
576,0.294586351,-0.353755252,-0.540281839,2.859840442,0.671989996,1.291838185,0.920605642,1
962,-1.719885991,-1.664451776,0.446355556,1.557677191,2.120095122,0.657711473,-0.97791175,1
689,-0.112701901,-0.769261644,-0.864719071,-1.117105886,2.260930306,-0.998894229,-0.125013797,1
3532,-1.497277787,0.167397703,-0.421731488,1.385036147,2.062775629,0.220939013,-1.228239389,1
737,-1.815876845,-0.040045568,0.234227803,1.089550554,2.367843489,0.97999814,0.383759484,0
3513,1.538812545,-2.104370686,-1.209299533,0.471060473,1.572962234,-0.413415731,0.450130636,1
2660,0.749941848,-2.590200267,-1.227472164,0.322952077,-1.046932605,-0.030210722,2.190636353,0
3254,-5.49081395,-1.968652389,2.256429446,0.84785356,0.891708454,1.198122248,5.538526181,0
3473,0.988322341,0.178798403,-0.115664812,1.08932049,0.103319059,-1.02861416,2.613614988,1
1046,-2.599597125,1.553562558,-0.300748064,-0.057386471,2.26118425,-1.291584107,-4.43408316,1
2114,-0.322462195,-2.575139879,0.329670845,0.311691902,-1.843513963,0.237368419,-2.715597414,0
516,-2.561893576,-1.35131027,-0.820041029,1.49021894,-0.555785929,2.138507132,2.400152227,0
439,-1.353415925,0.095966961,-2.329803018,2.519162172,-3.172246292,-0.438285708,-0.009153027,0
1466,3.255656007,-0.91947721,0.04825332,3.202552892,1.142664403,-1.312426305,4.392352372,1
1231,-1.745322249,-2.979970538,0.093208914,-0.84221055,-0.801427776,1.93038528,-4.369480739,0
2503,1.176184455,0.384985062,-0.054683432,0.117878962,0.565895687,-4.605001995,3.991795286,0
328,3.038895908,-2.665843657,-1.490830721,2.806737521,3.200184447,-1.194293931,1.686512224,1
3869,-2.551559229,-1.565405196,-2.572904645,0.636265,3.739901598,4.078157772,1.339616741,0
334,-4.034219774,-1.245914635,2.591351332,-0.146699184,1.295986743,0.677541169,-0.953286976,1
3867,-0.571826889,-3.587275283,0.842195359,0.879595446,-0.431053659,0.835798585,-3.460362588,0
3559,-7.151703059,-1.370716878,1.673137533,2.702934163,-0.136146011,4.127709048,3.554015134,0
3148,1.791076823,0.230726241,-0.78268227,3.42861403,0.17808332,-1.697414803,1.658262189,1
3932,0.686717834,-3.048826162,-2.887878713,0.651054369,3.670449104,2.871668116,0.257369095,0
190,-0.433011417,-1.473763868,1.062339037,0.988938696,0.219544502,2.118380707,0.924712224,1
739,-1.771100824,0.307564105,1.831174568,1.434226006,1.015248742,-0.765246239,0.480489556,0
3073,-2.070346464,-0.766355032,-0.600152498,2.437270305,-1.588421687,3.035092258,-0.680335038,0
1312,1.529316672,-1.159577348,-2.957996344,2.107888129,-2.584863451,0.857279411,-1.074466736,1
1908,0.763598426,-1.429125238,-0.340216503,1.658917029,-1.251979348,1.424636916,0.842211258,0
1893,1.45753581,-1.088101774,-0.718263091,-2.046922887,2.717241606,-0.235077531,1.126991099,1
2820,0.714642276,-1.297769868,-1.45572418,0.596583733,1.396561614,0.488273005,0.688424659,0
1450,1.739681535,-1.471867283,1.535258783,2.759229436,-2.126169076,-2.219557214,0.469696107,0
1238,-2.601054797,-1.696679966,-4.184230513,1.085641003,-1.326777191,2.323449897,-4.368247677,0
26,-0.300698281,-0.513603251,0.921006242,1.378172075,2.274746687,0.745336375,-2.93402889,1
3692,-1.953106039,0.054136648,1.977852311,-0.052252992,-0.707613625,0.808005115,-1.808142083,1
3619,-2.863613161,-3.169046126,1.306072766,-0.666747449,-1.499914063,0.992840657,-4.423516212,0
2786,-1.025592992,1.269553924,-2.598011934,1.071034419,-2.636256139,0.664791491,1.516530547,0
2189,-0.908678227,-3.348000698,4.132449972,-1.191939094,2.331181898,0.994385693,-2.43979642,1
3074,-2.286438343,0.771862397,-1.11308864,1.154396271,-2.83075368,-0.429298021,0.170322177,0
3733,1.020575034,-1.799720044,-1.452263597,0.953467183,-0.154009436,-0.217949376,2.386965287,0
3531,1.454808067,0.200337446,-0.17407341,1.788338913,-2.639062935,-0.416706072,2.492781622,0
2116,1.139748835,0.166730617,-2.011508254,2.452914,-2.625881517,-0.249664187,-1.93413049,0
2465,4.401295846,-1.742955925,-3.533077318,1.48469425,0.141338541,2.270876204,1.346573723,1
3821,3.024898212,-1.870915316,-2.666318436,2.286341421,-3.604326932,0.735994713,-0.059952688,0
3766,0.024053366,-3.905009576,-1.840887628,-0.236018132,3.199446969,-0.967985231,-0.815654524,1
3859,-6.099551432,2.811302929,0.129153075,-0.295455274,1.832656976,-2.018881791,-2.561564247,1
1566,0.990589687,-1.035741539,1.71871835,0.710346607,3.579353218,-3.06394989,3.954487792,1
1871,-2.964773899,-0.187183233,3.186063135,0.379487917,1.999168877,-1.860598181,-4.492389752,1
726,-1.841877176,0.279273657,-0.107076065,1.334892707,0.044820116,0.149958592,0.174434142,0
2981,1.883349885,1.186676315,-0.096343854,-1.422643225,1.426149025,-0.507856062,0.947932207,1
3028,-0.633169967,-3.729780449,-2.160076833,-0.588697952,3.47628019,2.681429693,2.786759187,0
1197,-1.126977102,1.051732995,0.151848734,-0.11075039,2.062631605,-1.205619395,-5.049826951,1
1027,-0.267140934,-3.384006852,4.079122898,2.317536273,-1.937529179,-2.740641238,-1.96567694,0
2296,2.022389328,-0.946769757,-3.11752961,1.636830184,-2.023518024,0.928424754,-2.037169723,0
3455,1.281086822,-1.794830349,-3.119224042,2.299297526,-0.043085241,1.385417104,-1.72733069,0
1372,-0.856775615,-1.192705203,-0.793932327,0.422987482,0.90043042,3.061127564,-0.157924585,0
3889,-1.456307367,-0.611503737,-1.059381778,0.329480161,0.253076097,3.053447472,0.275865496,0
2241,-1.663651228,-3.591539416,1.790161184,2.841503045,2.26001839,1.567303348,0.090837087,1
478,2.556180439,-0.231462656,-1.600317988,-0.756676311,1.869900191,0.3048304,0.450070766,1
2883,2.366197388,-1.989425727,0.291273628,2.7370621,-0.433125254,2.993822728,0.775481436,1
2429,2.774242571,0.51125344,0.480234344,-0.255944255,2.470790564,-0.541019417,5.552320288,1
3881,-4.672497162,-2.913286491,1.408752469,0.469469385,2.367175516,1.28239213,5.131967121,0
3716,0.214291389,-0.701338673,0.408814829,0.778462481,0.927361115,-1.54708877,1.495648024,0
2428,2.361273812,-4.342461422,-0.101835664,0.809679271,-3.099777102,0.738780648,-2.960998466,0
1135,2.77831595,-0.401484536,-2.266670106,2.092095265,2.563267927,-0.756643897,0.098645604,1
1926,0.919370768,-3.102986782,-0.153153248,2.541856654,0.752275592,-1.918296603,0.376595844,1
19,-2.108049899,0.356467403,-1.156193279,4.326722517,1.561543116,-4.630174264,-1.37665721,1
3294,-0.136486888,-0.033948633,1.009494231,1.553068988,-0.902486162,-2.618676198,0.784539205,0
3409,-2.379439903,-3.464897573,4.115939841,-0.302866066,0.983021384,1.931703048,0.20355982,1
1475,-1.445076505,-0.348966883,-0.848119563,1.703510521,-1.656969974,0.393514171,2.266989042,0
1836,-0.359776153,-1.163192596,-0.52483038,2.970166761,2.256458622,-3.209509125,2.932793736,1
3008,0.655191069,1.327015645,-3.363186041,2.936746879,-0.248973535,-0.520331611,0.999308201,0
2004,0.448403045,-1.394092223,1.270388798,0.874447696,1.730055305,-2.757573044,1.760895731,1
230,-1.286279883,1.105420521,-3.156926835,1.973857598,0.223007322,1.442712771,0.814293361,0
1954,0.485271459,-0.009211074,-4.028832673,0.804454728,1.069991142,4.018541156,0.554639352,0
3912,-1.01951398,0.445570603,-1.551941888,3.265091323,1.341421806,-2.681303978,2.16902306,1
2032,1.105708864,-0.943267829,0.131487082,-2.08107586,2.093367908,-0.651310582,1.175072561,1
3565,1.703314715,-2.375885235,-2.175297145,-0.052689204,2.660547594,0.049495708,1.581261549,1
903,2.892774871,0.900971232,-0.418609504,4.59193582,-0.46612229,-1.787328692,2.215688603,1
1121,2.687877436,-4.220816518,-1.915557151,1.838030502,0.659535712,0.193476694,-1.219137533,1
933,-0.433820028,-0.01531881,0.143291289,0.64761814,-0.790599917,-0.710096682,-0.311928118,0
3784,-0.260338325,-1.105664259,-2.636019646,2.860930855,-2.694129994,-0.499615744,-1.492676524,0
1753,0.184761262,-3.141016491,0.97788226,2.190711935,-0.49757596,-0.809477794,-2.814901901,0
3338,1.686002901,0.767524181,-2.826380711,-1.367417904,0.758429709,0.988281742,-0.865797956,1
999,-0.938877608,-0.169641689,-0.220232474,1.263677317,1.353255279,-0.144245235,1.22898763,0
1388,-2.288029933,-1.430545144,-0.223431714,0.639737943,-0.009996295,0.639535181,-2.597220268,0
389,-1.722539295,-1.760806138,1.941921651,0.593022747,-0.045434962,-1.490277265,3.782451601,0
2824,-0.740123171,-3.437991017,5.079820147,1.375173807,2.612484532,-0.454033638,-2.678681961,1
2419,-5.069332059,1.508076939,3.386235951,-2.239546141,-0.806686778,-0.873890934,-2.647164684,1
1824,-0.042574321,-1.537303233,0.897910564,1.704865267,-1.687117588,-1.845932305,-1.712621136,0
1960,-1.278617911,-1.91366762,1.640518135,1.512861527,-0.644016073,1.823376317,-0.011438035,1
264,0.177787063,-1.12985596,-0.274235386,3.291357335,-3.403600982,-1.136174689,0.699819954,0
2797,0.641322934,0.600317926,1.614658641,-2.311266063,2.757030684,-1.623485265,3.3848004,1
1983,-0.228743136,-3.57368297,0.838211794,2.552136107,2.397737676,1.490477915,-3.172841066,1
3960,0.488501636,-0.056977418,-2.418510821,2.305981281,-1.435253761,-0.442876781,-0.970235117,1
1819,-0.399979573,0.354591204,-0.589675574,1.99618798,-1.913381371,-1.964998486,-0.70578237,1
1938,0.770097512,-2.382820746,-3.306897649,0.374404121,1.982700619,1.93360275,2.626749321,0
3428,0.516879778,0.693772439,-3.735131776,0.011770748,1.243378455,2.142999321,-2.802288688,0
455,0.258368004,-4.14234656,3.572643351,-0.748074511,-1.057461064,3.672093013,1.163699508,1
247,-1.513436965,5.149000297,-0.392046791,3.678058525,-1.582198284,-3.871147542,0.91807892,1
3899,-3.475187656,-0.00836851,2.739370896,2.214044007,-1.820452923,-0.338397882,1.585767282,0
1473,-3.310218995,0.950285967,0.578483409,1.149234562,1.922166092,-1.208642771,-1.117317375,1
16,-1.468951547,-1.950359588,-2.214372889,0.909758509,2.864448854,3.965955655,-0.558208683,0
2775,1.133205846,0.851565945,-0.442646178,2.657961873,-1.926499922,-1.578243843,2.430187757,0
740,-2.161940963,-0.014473304,0.042407326,1.724669471,2.092702871,-0.768827347,-3.133212644,1
1665,0.01556201,0.321166939,-0.737219189,2.016975004,1.356614322,-0.434289762,1.798605677,0
438,0.71795021,-2.854197295,0.131556699,0.982122298,-3.703554308,-1.018045348,-2.920186182,0
1165,-0.791566524,-0.472792896,1.087454147,-1.489113488,-1.467248606,3.520586893,2.135494154,1
1883,-3.566781504,2.148825052,-0.152948255,-0.821546696,1.40236302,-0.436948267,-0.757241868,0
3974,-2.362143485,-0.23342443,0.981340025,0.571282283,1.007781655,0.733608538,-0.105291052,1
2944,0.364721232,1.224862984,-0.298152603,1.303718396,0.473782705,-1.115043735,0.349169554,0
2095,-1.545791361,-2.289821041,0.214996787,2.274042131,-2.369316723,-0.110317447,-1.498656037,0
46,-0.487366694,-0.768805325,-0.779231515,2.025256619,1.477926984,0.267788073,-4.454570173,1
74,-2.159610389,-1.295959495,-1.732435214,0.080724492,-1.95961421,2.723039718,-1.47788311,0
2516,-2.215619512,-1.845715102,-0.694316243,1.961763547,-0.309642377,1.288382494,3.104203842,0
2924,-0.983968566,-0.674530011,-1.325807187,0.156124206,1.965410725,1.399194442,0.76256805,0
3994,1.482508009,-2.581181322,-0.306887818,1.527876814,1.05636124,2.560829007,-1.229254586,1
80,1.906895248,-0.286557035,-0.642276275,-0.909686603,0.56727051,0.447676716,2.331284997,1
450,-3.114177922,-1.882415042,2.279911173,1.91003937,2.99087721,0.513323299,2.050011062,1
575,1.832077703,2.206428438,2.037308274,-1.901648111,0.355729197,-0.795370632,5.087458065,1
745,-0.030019224,-0.564789264,0.84220586,-0.471203387,-1.118355565,1.548180434,-2.814401245,1
480,1.765902051,-1.664634383,-0.562926908,2.492599401,1.866013682,1.500279072,-1.13294028,1
337,-1.011533364,2.308288623,1.705463379,3.094887359,1.411367191,-5.199662915,2.621552305,1
1379,-1.976207115,-0.185541861,0.011632425,0.076543393,0.84007016,-0.45646413,2.203022165,0
2739,-3.695590975,-2.613387009,-1.579767688,-0.944409442,-1.343096188,4.545995917,-3.171785929,0
446,-1.510845223,-2.030308101,-0.186089363,2.121947968,0.256776594,1.00940039,3.189154084,0
3092,-1.800434264,-0.667054642,0.052993013,-0.444912137,2.939810082,-1.616973843,3.84744379,0
1324,0.629956933,0.855606579,-1.274190231,0.353618557,0.396443633,-0.204333623,0.17363913,0
3913,0.742208466,-2.04436394,-3.35152072,1.542891713,1.174103053,0.074970402,-0.76275429,1
1973,0.905833762,-0.751363706,-3.485991924,0.997933312,-1.824294131,4.787430275,-6.547608222,0
557,-1.376783419,1.087996723,0.826209477,-0.221215872,2.21991327,-0.764982226,-2.793455657,1
2892,1.54604548,0.380793771,-3.304103646,2.810497951,1.01665059,2.164755502,-0.209677379,1
1756,-2.160043171,-0.505209918,-1.273400685,2.283967672,0.429886097,1.64634029,1.663726188,0
3907,-0.293773136,0.869154498,1.287190206,2.849382016,-0.395348687,-1.77450483,2.77301531,0
3429,-2.458767904,-0.821408712,-2.410657459,1.425252218,0.429372211,1.85341369,-2.020660357,0
3400,3.930580176,-4.623186204,-2.379691648,2.196926786,2.729475393,0.162543283,-0.195057181,1
872,-0.107083969,1.119342238,0.251089756,-0.090976042,-0.011057971,-2.045387737,-1.17180874,1
319,-2.228778607,-1.034194946,0.921878168,-0.161100226,2.694175463,-0.803583773,2.316583272,0
1224,0.142194958,-2.816123497,-3.161171671,1.18767185,-0.35290461,0.261584695,-2.589597715,1
789,-1.29909173,-1.125194457,-2.018248212,0.112943295,-1.594746863,1.360336988,-2.556007083,0
395,-0.05648831,0.557703588,-0.496449891,1.292458723,-0.807030471,-0.116164037,-1.517382368,0
3329,0.252995938,-0.394867211,-1.124146313,1.123494233,-0.984754245,-0.622096821,-0.698871555,0
2037,1.570026332,-0.910843361,-3.69611909,2.353818029,-1.276926366,1.016101258,0.327346075,1
992,0.548493968,0.488979079,-1.995853361,2.467900075,1.704923057,1.278586366,-0.627642994,0
3802,-3.018590836,-1.078221991,-0.688831356,2.77658532,0.105390529,2.023221861,2.608624768,0
3452,-0.747772658,0.320284841,-1.048461755,1.431225822,0.949917575,-2.278243763,-0.089930972,1
1422,-1.134728217,-0.653594639,2.759729824,0.521098244,-1.039218802,-3.979698402,4.329863961,0
3463,-1.239651457,0.36606138,0.807625151,1.972593022,-0.185774444,-0.530325324,-1.354379192,0
1461,0.078270684,-3.017376222,-1.024789639,1.964805126,0.446339379,-0.952620415,3.007831395,1
3750,-3.444345088,2.12601723,-2.60191038,1.728499389,1.741967143,-0.406072786,-1.187467937,1
1605,-0.956779845,-0.901276668,-0.3840888,-0.404412449,0.989058197,-2.19470812,2.709944697,0
3256,-0.054990862,0.766912787,-1.11120219,2.834830484,0.193472129,-2.336585084,0.541694462,1
2588,1.320903523,1.718565301,-2.664426772,2.232305299,-3.356672469,0.115905502,-2.47129927,1
2623,0.7687153,0.748815643,0.760318243,0.731431196,0.777212565,-2.089334648,2.094503274,1
2434,-1.489842526,-1.990071707,1.764041148,0.58046067,2.079105366,0.359361502,-2.150778123,1
1199,1.030414366,-0.383283703,-0.315503512,3.765261047,-0.70765035,-1.176687564,1.632220274,0
3539,-0.438077175,-2.006049618,-3.38307656,1.19741702,-0.306324307,3.399036129,-1.038366412,0
3568,-2.486229166,-3.872029726,4.647456182,1.480579793,2.203325647,0.32886347,-0.900962827,1
1458,1.870198395,-4.994460268,4.717131362,0.963823956,-0.503281211,3.779079424,0.338473295,1
2511,-0.026840721,1.001699504,-1.179219147,2.432863067,-1.850115282,-1.418941213,-0.060371554,1
2045,-0.596809188,4.369571494,0.181873551,3.255675296,-1.491297288,-3.31005709,2.728708138,1
1064,-0.536626774,-0.392359184,-0.599253443,0.453529876,0.793828473,-0.225256194,1.217177815,0
3895,1.473625522,-0.395561203,-3.009928905,-0.329944666,2.118433517,0.664160929,1.139624355,1
3830,-0.179076501,-2.133334812,1.836935898,3.581885569,2.648305262,0.675843022,0.150209878,1
3720,0.019534348,-3.379991914,0.249238365,4.411003903,-2.640517151,-1.491505988,-1.597359527,0
515,2.678687381,-2.59593909,-1.562217791,2.313185304,2.159382917,-0.663799304,1.004462732,1
2209,-0.939374182,0.360852891,-0.892405419,-0.282832832,0.700530373,0.787688514,-3.496028713,1
2914,-1.688580989,-1.766127996,-2.873939166,0.605564447,-1.116731368,0.252804418,-5.103210963,0
3574,-3.093009038,-0.671068245,-2.683308044,-0.192589035,-1.589697141,2.579041333,-2.291247659,0
425,-0.709644702,0.521759391,0.647328544,3.998073823,-1.611974437,0.827410931,-0.181237683,0
1832,-3.275164357,-3.916601681,-1.177152903,1.11483342,-1.988273423,3.105279305,-3.971721858,0
3262,1.172627897,-1.277302089,-0.434008982,2.819312166,2.39643271,-2.801637468,2.297794779,1
2162,-2.802672809,-1.628473884,-3.316330691,1.044711193,0.063320365,4.655383423,-1.606343106,0
3185,-0.703671021,-0.870704492,0.060564413,1.07055025,-1.846312559,-1.293248073,1.215772084,0
2854,1.223938318,-2.434737258,-2.655116724,5.53181724,-1.703076875,-0.768155777,0.541780444,1
657,-4.096166684,-0.369183715,2.207994445,2.432387923,-2.183959678,1.153427655,-0.2828032,0
2412,2.38611367,-0.795745899,-1.422862251,1.816848624,-0.516655718,0.040730225,1.566993752,1
2607,-3.95593209,3.516142427,-0.40492227,-0.442341904,-0.495453259,-0.68849119,-2.046503511,1
216,-0.458837875,-0.936624637,-0.802757694,1.559549736,0.16766578,1.917121565,-0.348891561,1
1676,-0.100806263,-1.258506747,0.304629465,2.065578047,-1.038622465,0.178040852,0.28006913,0
1678,-0.72423927,-0.148748096,-1.057709143,1.533394636,0.609297565,0.736200747,0.204386751,0
2761,2.37665299,0.311595955,-2.538913632,2.667336844,-0.340786183,-1.18155394,-0.058448189,0
1477,2.055093158,-3.216932426,-1.131905754,-0.007323964,2.035219462,-0.096404121,1.371001437,1
370,1.469421344,-1.341061775,1.450817239,1.748870042,2.422876473,-3.065933713,2.157878307,1
623,-0.560196671,-0.662942705,-1.656042825,0.400827222,0.993949901,1.07700051,0.703618681,0
282,-5.173834525,-0.832567425,3.814078611,-1.137651477,1.297219261,-0.634693097,-1.394846266,1
2766,-2.181376679,-0.541304118,0.207148915,2.838885768,0.328164624,1.425066661,1.487473202,0
3057,1.520446887,-4.844158767,1.379117119,0.742378935,-1.694521649,-0.529413866,-4.654523919,0
1207,1.078988835,1.748098959,-0.46744579,0.973976182,-1.772851599,-0.541926568,1.224430811,1
667,-2.351351099,-0.272642068,-3.568394972,-1.63819082,-0.053723721,5.254060258,-1.244090836,0
1826,-0.578710728,-3.790416262,1.879187112,1.498283259,0.138343106,2.861231457,0.791113178,1
1548,2.636565355,-4.309901985,-2.073538243,-1.87086332,2.514141306,1.734815188,0.752009811,1
386,-1.577719764,-0.951959373,-0.268934164,-0.226795132,2.031646643,-0.612471296,2.148967097,0
3617,0.775449613,-1.211850968,-3.905036526,1.223717016,1.621898168,3.552186063,-1.151269301,0
87,0.523551092,-0.785293429,0.307177459,-0.773882387,1.220446256,-1.329702358,1.355485212,1
1604,-0.158511577,-1.669925805,0.167980851,-0.005649349,0.262841109,2.103028441,-3.394791568,1
3727,-2.825499373,-1.424939845,2.510174709,-2.277240765,0.082552035,1.245108443,-2.913336836,1
781,1.081000545,-0.648706965,1.237449353,0.314275607,0.463345072,-1.691862234,2.524304064,1
723,1.581152669,-0.652555081,0.136983833,1.07289981,1.856107235,0.923460762,-2.343748011,1
717,0.337684115,-0.412041751,-0.213399608,1.965744567,0.27289502,-1.855056957,3.658487446,0
311,-2.994520746,-0.240734541,1.273841102,-0.143859163,2.207347624,0.181570915,-1.072446111,1
200,-1.193551717,-1.484548885,-1.682801417,-0.255826272,1.888296732,1.369561333,1.640197921,0
1553,1.228133935,-0.27837412,-0.018929023,0.849223048,4.325025535,-3.118162379,0.693524526,1
2897,-0.47050909,0.13994828,-1.634679836,-0.592475677,1.647519436,3.393135063,0.550081687,0
2317,-2.441251849,2.390132781,-1.51128371,0.133842573,0.35948336,1.664920954,2.229527803,0
592,3.200290241,0.962162874,-0.530070755,0.74654029,-1.003160657,0.45042323,2.576949552,1
193,-2.133101288,-0.739687703,-0.748786782,0.474687947,1.771861564,1.257156655,0.260288653,0
3115,1.171829745,-3.135742221,-1.320855654,2.381893526,-1.079496598,-0.389709916,-0.445502635,1
3412,2.441085847,-1.430460003,-0.932261041,1.009681016,-2.02382792,4.081223109,1.28669118,1
869,-0.971714995,-0.202241322,-3.069909226,-0.002042764,-0.516062475,3.160649884,-0.524903868,0
2493,-2.458622509,1.680797594,0.401325431,-0.613201773,0.081742788,-0.126755418,-2.509839932,1
1889,-1.483209105,0.383226712,-1.612283674,1.428344379,1.639436816,1.157532707,-1.047266468,1
2129,-1.870055746,0.488218275,2.420147264,-2.465425969,0.32437699,1.300471525,-2.046627469,1
2952,1.004742265,-1.654689861,-0.294945817,2.194853224,-0.295615085,2.513654646,0.253906147,1
1523,1.732434919,-6.58158967,3.624680374,1.388615665,1.574201163,3.308829017,-1.70027429,1
509,2.126067499,-0.271592322,-1.013287132,3.429760238,1.321578164,-1.505578454,3.768027336,1
3780,0.322860929,-5.367710942,3.757702644,1.314357337,1.851937006,1.386119501,-2.202142041,1
1577,-0.174429745,2.18701128,-1.656860453,0.940281765,-1.241882107,-0.966518516,0.060917574,1
1565,-2.454488203,-1.348133004,0.65137509,1.524812642,-2.701711413,0.37293038,-0.398598247,0
3837,-1.337436585,0.51595831,1.090994628,0.359725015,1.357640147,-0.674734158,-3.886677917,1
2083,-0.729853803,-0.512728565,-2.418846931,3.087692605,-0.29605865,-1.760261092,0.079276104,1
2258,-0.256326687,-0.538761362,-0.196808308,0.722540681,1.232277676,0.826753403,-0.705385436,0
3303,-1.977979998,-0.229482705,1.283457917,0.23889794,1.049934948,0.682324062,0.369580215,1
766,-2.603643479,-1.032224551,0.945973408,1.522356868,2.891498007,-0.723236555,-1.065906691,1
3537,4.093132218,1.070868171,-2.732467987,-0.539275227,1.731410868,1.572190431,0.521665548,1
3576,-3.023206613,0.462444204,0.017101868,-1.346225188,1.101464221,2.257115818,-0.662106626,0
1090,-1.378022157,1.90702285,1.20275617,-2.17723267,-1.450805887,1.139070715,-1.626797333,1
3260,1.459970088,-0.523290193,-2.295516002,3.436031354,-0.050537162,-0.727057588,2.004537615,1
566,-2.202941824,0.604628192,-2.300392465,-1.209625565,0.778297912,2.987406573,-0.938837813,0
900,0.459343355,-0.485814403,1.262989771,2.142451018,0.237014379,-3.065212237,3.496538098,0
1467,-0.545407452,0.888125048,-0.059524527,4.379271895,0.47600189,-3.984685464,1.565237962,1
3850,0.309172204,-1.49468421,0.616379104,2.018279681,-0.776659532,-1.543283632,-1.38729856,0
3701,3.002557156,-2.013221818,-4.684990067,-0.500138543,2.774750609,2.586885385,-3.056400752,0
3745,0.155233855,-1.188883556,-0.26064849,0.078006615,-0.916140764,-0.357039769,-2.317160544,0
2891,-0.513835903,1.479899561,-1.024512777,-0.195243692,-0.192964652,0.895768152,-2.727666723,1
2220,-2.436002313,0.084055928,0.222926103,1.398836725,-1.796494906,-2.587192294,0.362517495,1
1456,0.732490841,-0.570898581,-0.332556726,-1.302290765,2.16822577,-0.604060199,2.295017632,1
653,-0.082137988,-2.577180035,4.351845459,-0.769047903,-1.009323827,1.970485319,-0.709214531,1
2250,-1.623184045,-0.80700759,-0.371444497,0.431803665,0.467251243,1.741359744,-0.836539152,0
43,0.807854104,0.752707011,0.179226346,1.451582185,-1.611859169,-2.776274958,0.184905607,0
3173,-0.465842962,-0.517544398,-0.719749535,0.881697702,0.214780422,-0.701366922,1.821120048,0
1950,-0.933820314,0.145142898,-3.419538341,-1.523718813,0.277347978,4.781141877,-0.281977942,0
3211,0.099872652,-1.706255735,-1.505287619,0.9914835,3.309562482,2.14310761,0.957153269,0
267,0.391502374,-2.231925032,-4.272946199,-0.252954061,1.472741626,2.700868622,0.236001317,0
988,0.417940476,-2.959687014,0.97127899,3.987537359,2.076124758,1.512889607,0.248260945,1
2426,0.239307435,-3.788679809,0.291985017,-0.913248924,3.756461077,-1.900294377,1.401459762,1
1196,-0.420469081,-1.279853687,-0.294858213,1.255445098,0.007914302,2.217460883,0.438022588,0
108,0.137097813,-3.035084729,-0.440600718,1.444977828,-3.824202947,0.85011358,-1.611571284,0
1507,0.426967499,-3.72667673,-1.152727355,1.555085995,0.883857799,-0.832537761,0.609528381,1
2946,0.519360018,-0.248638139,-2.482783348,0.709445786,0.117139714,2.44404921,0.136189304,0
2628,-2.311307466,-2.12144373,1.876618226,1.902770281,-2.325860211,-3.077333947,1.322156035,1
505,-0.279167335,-0.849459817,-3.640821284,3.246880975,1.468817688,-1.581986023,-1.370836529,1
2212,-2.18697369,0.679478079,-0.83236244,-0.299714631,-0.447194461,2.10493896,0.871449566,0
2207,0.794249191,-0.050024249,-1.145347533,2.031164911,-0.066799224,-0.681423567,0.013338089,0
884,1.676050627,0.084912409,-1.391431991,2.697710377,0.766977636,-1.573760873,0.495656913,1
3810,-0.822587647,-2.483765037,3.494825892,-0.035912548,0.914803081,0.455803824,-1.747239147,1
2710,1.221014255,-1.226663418,-1.840729955,1.196333107,1.404878588,-0.514063959,1.018572989,0
2640,-2.358587633,1.643364859,-2.16223169,-0.288565012,0.661950069,2.513490833,0.680343871,0
2687,1.71377231,-3.247276583,1.492486574,0.465715945,-0.454654045,-0.147997262,-2.47195567,0
1521,-1.275379374,-2.951184115,-0.478870465,-0.479450114,2.528807773,-0.433067368,4.280580332,0
1612,0.401202317,0.211018171,0.504863965,-1.362691643,-1.16567945,-0.273592423,1.28361462,1
317,-4.244443842,0.599377262,4.469807043,1.92080172,-1.350803998,-3.690634295,4.288667532,0
539,-2.523331117,-2.572632434,1.839096389,2.910986516,-0.147552545,-4.636483998,-0.142418513,1
2203,3.968753217,-1.730660517,-5.193295838,1.30957223,1.044069542,2.239637976,-0.844435863,0
1394,-2.584093963,2.18063284,0.73113168,-1.536171164,-1.463974919,0.283160947,-0.101619167,1
1376,1.421936795,-2.54087551,0.547819063,-0.861090723,2.98982567,-1.122436456,2.552587448,1
1418,-0.584732717,-1.159162626,0.811466536,2.24467802,0.509462775,2.273859652,3.091904815,1
862,-1.073914806,-3.048915039,-0.907396817,0.684222562,3.169329989,2.61061447,2.683269381,0
1956,-3.288756166,0.065990303,1.196369196,2.313421976,-1.005347824,0.227669365,2.503739294,0
1168,3.951103956,-0.041957142,-5.216879161,-0.823365221,1.582149647,-0.824403812,1.338036233,0
758,0.689291859,-1.206374477,-0.370501989,2.230612096,0.982219151,1.854799828,-2.13497313,1
1575,3.334510251,-1.644267792,-1.989985646,2.363715553,0.573928824,0.433118791,2.416317749,1
987,1.139302314,-0.180909126,-3.110081584,0.347346947,2.564799844,0.354353794,0.124899208,0
1439,0.012611205,0.348714561,0.193004805,-0.134781289,-0.198722363,1.213644879,1.622219956,0
630,-0.807361964,-1.075166759,1.681408481,1.122940771,2.564610737,-1.535371539,2.943281752,0
354,0.697413744,-2.102824858,-0.104777111,-2.75950978,3.835418965,-0.531325325,1.525044452,1
2879,-0.629681048,-1.034102384,-2.720800614,0.528908809,-2.388590194,0.875483669,-2.352559669,0
3873,1.608561361,-2.571903384,-1.758457519,0.323208539,1.626695455,0.323745626,2.617780266,1
2422,-0.418740875,-0.367927432,0.027077653,1.357778226,1.255594578,1.224406991,-1.611315674,1
3163,1.471951677,-0.543596178,-3.706613519,0.456446007,2.417321106,2.136522109,-0.39362185,0
3933,-0.956866325,-3.163442359,2.469891778,2.753665738,-1.311596241,-3.500499021,1.296747816,1
1464,-0.558544921,1.094607787,0.759997748,-0.244843852,-0.273503513,0.377609656,-4.320781616,1
1528,-0.818581195,-0.859941751,-0.587119393,1.716361669,-2.575973096,-0.208114246,-0.266775155,0
2252,-0.885606724,-2.208898675,-0.42344758,0.507461969,3.785116596,-2.924911426,0.3652211,1
2238,-2.224323689,-1.239663274,-1.320690059,1.07599828,1.047348521,2.869683262,1.412873536,0
2158,1.837040772,-1.358521162,-1.228704369,2.756600486,-0.909358344,0.2839664,0.467697195,0
1359,-2.28004505,-0.289802921,0.199214116,1.509619586,0.317117948,1.206850582,1.063990358,1
1922,1.457466741,-0.466283976,-2.339907598,1.003581518,-1.391224328,-0.64749794,-1.618798405,0
3517,0.874626666,-0.458846728,-4.350510182,2.880395586,-1.985316728,1.49751444,0.26666639,0
1924,0.87236632,0.173314327,-0.190435941,0.138100662,2.872311058,-1.75739624,2.024089693,1
2798,1.11651664,-2.00128539,-1.318242033,-0.795100714,1.409238801,-0.029553727,0.586785096,1
1374,-3.640829808,-2.977709023,-1.584836122,0.00103527,4.370638019,5.537761381,1.278969028,0
1103,-2.402892717,-2.019973119,-2.540682943,0.670432423,0.182995281,2.845023369,-3.534843901,0
1182,2.355510963,-2.571989098,0.978477445,1.907328173,-0.742186356,2.941429502,-1.138202266,1
3414,2.33101948,-1.988980521,-2.962669702,2.99429714,0.132375281,0.488665637,2.388586111,1
792,-0.547609979,-2.547939461,-0.869051647,0.459271777,-1.291142939,1.138855808,-3.099057262,0
155,-3.918492,-0.289518756,2.678073186,-1.298396226,0.766755063,0.360116105,-2.206017085,1
3646,-1.534866075,-2.81447693,-1.526625819,0.79127954,2.271709162,3.727642712,1.072321024,0
917,-0.886589942,-1.190352787,-0.447499168,-2.516764475,0.363910378,-0.507086241,-0.813557818,1
909,-0.882610481,-0.064112922,-0.553560019,0.162855688,-1.123233714,1.872529539,0.922071266,0
191,2.924428979,-0.928250862,-4.66314002,-0.547998692,2.730188913,1.898161594,-0.237263801,1
2376,-0.009004909,0.91777556,2.490815445,0.24066632,0.251475303,-2.726952335,3.347671368,1
3161,-1.994718821,0.459086213,-1.078757716,0.677493022,0.283108335,0.336912539,-0.813438826,0
2200,1.657435643,1.923801596,1.447565855,2.069748375,1.714583111,-2.896040028,4.514503907,1
3359,-2.598997201,0.019600316,1.000199404,0.887716892,3.735830999,0.190812196,3.760518321,0
3425,-3.250218703,0.425068786,1.044693918,-0.584891536,-0.260019957,1.124428695,-1.758251832,1
1991,-2.793437528,-0.011650279,0.807352443,-1.531250881,1.526730999,0.968054221,-2.738833565,1
2271,-1.070138219,-1.454870752,-2.481910064,1.203107362,1.899227971,2.258958554,0.893563954,0
250,-4.401879009,-1.880835494,-0.18552821,-1.155767962,1.51741081,2.435939123,-4.663497109,0
865,1.850968337,-2.905569491,-0.681102095,-1.229914623,2.891594338,-0.113403287,1.285039755,1
931,-1.476159999,-0.320603978,-0.424914108,0.313640904,1.135044969,0.919930371,-1.361351188,0
2701,1.079799917,-0.988307049,-0.411346386,1.814925328,-1.571417811,-0.689969668,0.549905438,0
3650,-3.947004531,3.164370307,-2.037451683,0.765063597,2.937937722,-1.403866169,-4.643768843,1
233,1.29829612,-0.333265511,-1.853063716,-0.055402475,3.748343007,-1.126858125,-0.486259057,0
1788,1.523458153,-2.410580832,-2.873684637,3.166516898,-2.212093213,0.407928158,-0.068995237,1
2169,-0.877526715,-0.403724649,0.783132125,0.903129897,-0.130447559,0.359689875,0.483467424,0
2187,0.750814186,1.246413162,0.790365512,-2.375099162,0.404926201,-0.433943964,3.670181522,1
1176,-0.910043088,0.345996079,1.561931859,1.747125436,0.390026128,-0.38600519,1.552371873,0
779,-2.980741437,0.101515699,3.011631798,-0.369518392,2.570251972,-0.855631662,-1.770887232,1
1229,0.694747655,0.605128177,-0.362320625,1.889233623,-0.55032701,-1.137562821,-0.533024496,0
1933,-1.352830351,-1.775617733,2.741242267,-0.892613683,0.286592561,1.352466007,-0.439551693,1
655,-4.19035705,-1.464152548,1.992728322,1.669223215,-1.242469829,0.280871732,3.270969072,0
2864,1.968869205,1.103662593,-0.25558784,-1.246330559,3.626940193,-1.003571468,2.647722423,1
224,0.62483913,-0.786826053,0.907733248,-0.350257037,0.653573382,-1.480451415,2.569365201,1
1338,-2.385352947,-2.36724487,-1.600529747,1.851128593,1.759377024,1.508037366,-3.873112715,0
2021,1.581219652,-1.938300594,0.709167053,0.961856589,-0.913408452,3.316931419,0.855149248,1
3743,-2.102671946,-0.007395054,0.133886129,1.198670829,3.210020858,0.590544088,2.396013951,0
3149,-0.223909391,-3.138394855,3.980793922,0.365462994,0.710490097,1.741950282,-0.114346995,1
3848,-0.513569122,-1.510301706,-0.909625212,3.660499111,2.709910602,0.430188238,-0.721453515,1
1599,1.193985973,-1.337803989,-1.825692218,2.023852183,-0.461605227,0.301511261,0.661329719,0
1014,-0.530249858,0.4932471,-1.335097836,-0.053888685,0.919019732,-0.616124778,-0.461544176,0
144,-1.117420987,-1.379325233,-1.274428562,0.484136657,1.478881722,1.372509488,1.721389057,0
1757,-1.229794676,-0.216692607,2.202853749,1.120275817,1.087726949,-3.566330951,3.428367426,0
