617,6,5,3,0.18345918992455137,803,6,0.9431945538974952,1
691,6,2,10,0.055280148723773063,1241,12,0.9431945538974952,0
438,1,6,11,0.3983245947080434,1156,11,0.027372133055605714,1
600,6,5,7,0.8161184373426111,854,8,0.9431945538974952,1
670,6,2,10,2.653559951013037,1329,6,0.9431945538974952,0
304,0,0,9,0.1547548731605749,417,11,0.8884502877862838,1
269,6,0,6,0.541568197897038,659,7,0.8884502877862838,0
677,6,0,7,0.5168428701105336,1238,11,0.8884502877862838,1
307,2,5,7,0.6211479774464795,314,6,0.8884502877862838,1
732,2,6,10,0.2462716196424326,1818,11,0.9431945538974952,1
597,4,2,7,0.5176942640322055,1235,11,0.9431945538974952,0
317,5,1,6,1.0429208090585194,522,7,0.9431945538974952,1
817,6,4,11,0.48898994726822914,1509,12,0.8884502877862838,0
837,6,4,7,1.3643675223120855,3105,6,0.9431945538974952,1
644,6,6,11,0.3537043220341786,1363,11,0.8884502877862838,0
920,3,3,2,1.29359711463926,2404,6,0.8884502877862838,1
724,6,6,5,0.8669939001280762,1968,10,0.9431945538974952,1
582,2,0,11,0.3147658261811298,582,12,0.8884502877862838,1
1424,6,0,11,0.03140621485894062,2081,11,0.9431945538974952,0
585,6,2,11,0.47307399135834083,685,12,0.9431945538974952,1
819,5,1,7,0.751603219781386,1415,8,0.8884502877862838,1
14,4,0,3,1.4726516186255034,68,11,1.8042727086281731,0
779,6,4,11,0.3855362338539552,1201,6,0.9431945538974952,0
414,6,5,9,0.06408952060038915,729,5,0.8884502877862838,1
581,6,1,10,0.35455571595585056,919,6,0.9431945538974952,1
33,6,0,10,1.512441508400224,78,1,0.9431945538974952,1
595,2,5,10,0.07119610463366136,1063,11,0.9431945538974952,0
96,6,0,4,0.37445066084321094,186,6,0.8884502877862838,1
720,6,5,5,0.35455571595585056,695,6,0.9431945538974952,1
313,6,1,10,0.9076351838244688,216,11,0.9431945538974952,1
421,6,5,3,0.541568197897038,806,11,0.9431945538974952,0
672,6,6,11,0.4332841015836201,1585,11,0.9431945538974952,0
1095,2,0,10,2.430736568274601,1811,11,0.9431945538974952,0
93,6,0,3,0.3147658261811298,208,11,0.8884502877862838,0
640,2,5,10,0.26303896947399286,813,6,0.9431945538974952,0
1572,6,4,11,0.966468624564878,2862,12,0.9431945538974952,1
101,1,0,3,0.45800942937012445,89,3,0.9431945538974952,0
384,6,5,5,0.18743817890202344,699,6,0.9431945538974952,1
327,6,5,7,0.7365386577931696,273,6,0.9431945538974952,1
1031,5,5,9,0.8470989552407158,2084,0,1.8042727086281731,0
556,5,1,10,0.11183738833005404,497,1,0.9431945538974952,1
414,6,6,10,0.7436452418264419,891,11,0.9431945538974952,0
331,2,6,7,0.09904902747596588,502,3,0.9431945538974952,1
740,5,5,9,0.5088848921555895,1881,10,0.9431945538974952,0
497,2,5,10,0.5455471868745101,763,11,0.8884502877862838,0
1650,6,4,5,3.7358449528854414,3313,11,0.8884502877862838,0
267,6,0,1,1.1782064342925698,314,1,0.9431945538974952,1
17,2,1,6,0.8956982168920526,42,7,0.8884502877862838,1
98,6,0,5,0.9832359743964383,69,6,1.8042727086281731,1
91,6,0,5,0.7007277569959209,179,6,0.9431945538974952,1
444,6,0,1,0.31078683720365774,679,1,0.8884502877862838,0
1027,2,0,0,0.5455471868745101,2001,11,0.9431945538974952,0
695,6,0,3,0.25025060861990467,1203,11,0.8884502877862838,1
489,0,5,10,0.4540304403926524,833,3,0.9431945538974952,0
944,2,0,0,0.47790437425748483,1948,11,0.9431945538974952,0
344,6,1,6,0.04817356469050085,658,11,1.8042727086281731,0
471,1,0,8,0.1865867849803515,753,11,0.9431945538974952,1
80,6,1,10,0.023448236903996476,126,12,0.9431945538974952,0
295,2,1,11,1.0747527208782959,523,6,0.9431945538974952,1
129,2,0,7,0.5017783081223173,203,11,0.9431945538974952,1
355,6,1,6,0.004404685938308043,624,11,1.8042727086281731,0
87,6,1,5,1.9620672628545683,180,6,0.9431945538974952,1
266,6,1,10,1.2498282358870672,712,11,0.9431945538974952,1
155,0,0,5,0.30595645430451374,314,6,0.027372133055605714,1
241,6,6,10,0.6330849443788957,512,11,0.9431945538974952,1
46,0,0,4,1.0468997980359913,208,6,0.8884502877862838,1
537,6,2,7,0.016341652870724265,924,6,0.8884502877862838,0
1221,6,1,10,0.9147417678577411,2381,11,0.9431945538974952,0
452,6,2,3,0.3943456057305713,620,12,0.8884502877862838,1
502,0,2,11,0.9465736796775176,745,4,0.8884502877862838,1
242,2,2,10,0.6927697790409768,289,11,0.8884502877862838,1
388,2,6,11,0.11183738833005404,451,12,0.8884502877862838,1
199,2,1,6,1.2975761036167321,515,7,0.9431945538974952,1
392,6,6,10,0.6370639333563678,636,11,0.8884502877862838,1
69,4,0,3,1.233912279977179,99,11,0.9431945538974952,0
308,6,1,6,0.26303896947399286,613,11,0.9431945538974952,0
441,5,4,5,0.8519293381398598,570,6,0.8884502877862838,1
997,5,1,7,0.9028048009253248,1618,8,0.8884502877862838,1
451,0,2,11,0.10785839935258197,619,4,0.9431945538974952,1
1094,2,1,10,1.770224398014237,1692,6,1.8042727086281731,0
74,6,0,7,0.0194692479265244,58,6,0.8884502877862838,0
247,5,1,10,1.2776811587293717,704,11,0.8884502877862838,1
533,6,1,5,0.04732217076882892,703,1,0.9431945538974952,1
429,5,1,11,1.1941223902024583,571,7,0.8884502877862838,1
335,3,0,10,2.0137941195617053,0,2,0.8884502877862838,1
177,4,0,5,0.45317904647098045,202,12,0.9431945538974952,1
463,5,4,5,1.2697231807744276,309,6,0.8884502877862838,1
78,2,3,2,0.7246016908607534,536,12,0.9431945538974952,1
102,1,0,3,0.4381144844827641,81,3,0.9431945538974952,0
1119,6,4,11,1.133586161618705,2337,6,0.8884502877862838,0
544,5,1,7,1.1423955334953213,694,11,0.8884502877862838,0
49,4,0,3,1.4249037508958384,80,11,0.8884502877862838,0
649,6,4,11,0.24712301356410454,1161,12,0.9431945538974952,0
104,3,0,5,0.3346607710684902,110,6,0.8884502877862838,1
226,6,0,6,0.7166437129058093,542,1,1.8042727086281731,0
276,0,0,11,0.4898413411899011,605,12,0.9431945538974952,1
586,6,0,5,0.9744266025198222,834,6,0.9431945538974952,1
247,2,5,7,0.8877402389371084,236,6,0.9431945538974952,1
547,0,2,11,0.5128638811330616,717,12,0.8884502877862838,1
367,6,4,11,0.14679689520563077,1317,12,0.8884502877862838,0
677,6,0,5,1.50761112550108,1446,6,0.9431945538974952,1
357,6,6,7,0.6561074843220562,348,6,0.8884502877862838,1
755,2,2,7,0.12377435526247026,1171,11,0.9431945538974952,0
626,6,2,10,2.6814128738553418,1208,11,0.8884502877862838,0
833,2,5,3,0.5606117488627265,2049,10,0.9431945538974952,0
91,1,0,3,0.37047167186573887,102,3,0.8884502877862838,0
33,6,0,5,0.7882655145003066,55,4,1.8042727086281731,1
1201,2,1,0,0.4420934734602362,2275,3,0.9431945538974952,1
412,6,1,8,0.27497593640640905,732,5,0.9431945538974952,0
211,3,3,2,1.5203994863551682,988,3,0.8884502877862838,1
702,5,1,6,0.5216732530096777,1619,11,0.8884502877862838,0
305,3,3,2,2.0137941195617053,0,2,0.027372133055605714,1
925,3,3,2,0.9514040625766617,2473,6,0.8884502877862838,1
121,6,1,5,1.7511808470485486,192,6,0.9431945538974952,1
792,6,4,11,0.28606150941715336,1312,6,0.9431945538974952,0
227,6,1,10,1.4169457729408943,662,11,0.9431945538974952,1
865,2,1,10,0.13485992827321455,1011,1,0.9431945538974952,1
748,2,5,7,0.5535051648294542,946,8,1.8042727086281731,1
498,5,4,5,1.030983842126103,617,6,0.8884502877862838,1
30,6,0,11,0.9633410295090779,34,11,0.8884502877862838,1
444,0,0,4,1.2251029081005629,531,11,0.9431945538974952,1
309,6,0,11,1.0548577759909357,924,11,0.9431945538974952,0
52,6,0,10,1.3095130705491482,83,6,0.8884502877862838,1
112,6,0,4,0.33863976004596225,230,6,0.9431945538974952,1
98,6,0,4,0.593295054604175,200,6,0.8884502877862838,1
1070,2,2,10,1.825930243698846,1516,11,0.8884502877862838,1
379,6,5,7,0.652979889266256,294,6,0.8884502877862838,1
307,2,0,10,0.6370639333563678,673,11,0.8884502877862838,1
680,6,4,10,0.8868888450154365,2536,6,0.8884502877862838,1
760,6,2,10,0.028278619803140486,1048,6,0.9431945538974952,0
650,2,6,11,0.07915408258860551,1123,11,0.8884502877862838,1
889,2,1,11,1.4169457729408943,1305,11,0.9431945538974952,0
622,2,5,11,0.07517509361113343,1681,12,0.9431945538974952,1
307,6,6,10,0.588464671705031,685,11,0.027372133055605714,0
1044,3,3,2,1.0110888972387428,2408,6,0.027372133055605714,1
638,5,6,11,0.6848118010860327,1168,12,0.9431945538974952,1
458,1,2,10,1.9970267697301451,1049,6,0.8884502877862838,0
87,2,3,2,1.08271069883324,495,12,0.9431945538974952,1
170,4,0,5,0.13883891725068662,232,12,0.027372133055605714,1
1430,6,4,11,0.9346367127451014,2544,12,0.8884502877862838,1
159,4,0,5,0.21131211276685588,185,12,0.8884502877862838,1
1201,6,4,6,1.2091869521906744,3241,10,0.8884502877862838,1
436,6,6,10,0.6879393961418329,731,6,0.8884502877862838,0
203,1,0,5,0.6123386055698634,241,12,0.9431945538974952,1
1031,4,2,7,1.3285566215148368,1854,11,0.9431945538974952,0
923,6,6,5,1.6468757397126026,2129,10,0.9431945538974952,1
1024,6,6,5,0.39747320078637144,2188,6,0.9431945538974952,0
582,5,0,10,0.3147658261811298,1334,11,0.9431945538974952,0
456,6,2,10,1.7543084421043487,1043,6,0.9431945538974952,0
703,6,0,5,1.5314850593659124,1305,6,0.9431945538974952,1
932,6,4,11,0.4651160134033967,2168,6,0.8884502877862838,0
1516,2,1,11,0.18743817890202344,3155,6,0.9431945538974952,1
26,6,1,6,0.649000900288784,41,12,0.8884502877862838,1
377,2,6,10,0.3426187490234343,570,11,0.8884502877862838,1
485,6,0,11,0.09904902747596588,780,7,0.9431945538974952,1
956,4,2,7,1.0301324482044312,1579,11,0.9431945538974952,0
970,5,1,6,0.18743817890202344,1668,11,0.9431945538974952,0
643,6,4,8,0.04021558673555671,1200,1,0.9431945538974952,0
281,2,1,7,0.7444966357481138,576,6,0.8884502877862838,0
1704,5,1,10,1.5513800042532728,2566,11,0.9431945538974952,0
754,0,0,7,3.6721811292458884,1799,11,0.9431945538974952,1
772,6,5,3,0.15958525605971893,754,6,0.9431945538974952,1
661,5,1,10,0.32670279311354605,834,11,0.8884502877862838,0
388,6,0,6,0.8837612499596363,818,11,0.9431945538974952,0
397,6,0,11,0.19937514583443966,635,7,0.9431945538974952,1
418,6,1,8,0.17464981804793528,747,9,0.8884502877862838,0
672,2,1,11,0.15162727810477478,862,1,0.8884502877862838,1
1416,5,1,11,0.36649268288826675,2875,4,0.8884502877862838,1
65,0,0,3,1.2458492469095952,110,11,0.9431945538974952,0
705,6,4,8,0.12377435526247026,1173,1,0.9431945538974952,0
307,5,0,3,0.4420934734602362,352,10,0.8884502877862838,1
128,6,0,10,0.434135495505292,276,11,0.9431945538974952,0
280,6,1,10,1.030983842126103,212,11,0.9431945538974952,1
37,0,0,4,1.241870257932123,165,6,0.8884502877862838,1
222,6,0,7,1.0380904261593753,214,11,0.9431945538974952,1
809,6,4,11,0.1905657739578236,1556,6,0.9431945538974952,0
213,6,0,10,0.5446957929528382,209,11,0.8884502877862838,1
533,1,6,7,0.9943215474071825,1373,11,0.027372133055605714,1
82,6,3,2,1.190143401224986,396,12,0.9431945538974952,1
734,6,5,7,0.7803075365453624,910,8,1.8042727086281731,1
545,2,1,11,0.29089189231629736,860,6,0.9431945538974952,1
411,2,4,5,0.9872149633739103,534,6,0.8884502877862838,1
249,5,3,2,0.38240863879815506,459,7,0.9431945538974952,0
990,6,0,10,2.3034089209954947,1806,11,0.9431945538974952,0
359,6,4,5,0.5853370766492308,924,12,0.9431945538974952,0
28,2,1,6,0.8002024814327229,52,7,0.9431945538974952,1
354,2,6,7,0.34972533305670656,457,6,0.9431945538974952,1
352,5,0,7,0.7922445034777786,221,11,0.9431945538974952,1
742,6,5,5,0.08398446548774952,655,6,0.9431945538974952,1
230,6,6,7,0.5327588260204219,317,6,0.9431945538974952,1
411,3,0,10,2.0137941195617053,0,2,0.9431945538974952,1
828,6,4,11,1.0380904261593753,1677,6,0.9431945538974952,0
103,6,0,9,0.4699463963025407,361,11,0.9431945538974952,0
585,6,2,10,0.49382033016737314,855,6,0.9431945538974952,0
711,2,1,10,1.4885675745353917,1304,11,1.8042727086281731,0
523,2,5,11,0.5137152750547335,1118,12,0.9431945538974952,1
156,2,0,11,0.5526537709077823,288,12,0.8884502877862838,1
685,6,4,8,0.056131542645445,1253,12,0.8884502877862838,0
593,2,1,10,1.4408197068057267,1451,11,1.8042727086281731,0
722,2,6,5,0.13485992827321455,1092,11,0.9431945538974952,1
1301,6,4,6,1.5434220262983287,3376,12,0.8884502877862838,1
315,2,1,6,0.10700700543091003,670,11,1.8042727086281731,0
249,0,0,11,0.4540304403926524,573,9,0.8884502877862838,1
525,1,2,10,2.5501062375987633,1243,11,0.8884502877862838,0
192,2,0,11,1.405008806008478,432,7,0.9431945538974952,1
15,6,0,7,0.9951729413288545,40,4,0.027372133055605714,1
742,2,5,10,0.3855362338539552,3031,11,0.027372133055605714,0
499,2,6,10,0.21443970782265603,936,6,1.8042727086281731,0
1479,6,0,4,0.9028048009253248,2109,11,1.8042727086281731,0
878,5,1,7,0.7118133300066652,1382,8,0.8884502877862838,1
273,5,0,10,1.289618125661788,206,11,0.8884502877862838,1
10,6,0,11,1.1583114894052096,5,12,0.9431945538974952,1
86,2,3,2,0.975277996441494,546,12,0.9431945538974952,1
64,0,0,4,1.345323971346397,185,6,0.8884502877862838,1
404,6,6,5,0.7754771536462185,791,6,0.8884502877862838,0
37,6,1,6,0.6171689884690075,53,7,0.8884502877862838,1
793,4,0,10,0.5327588260204219,1440,3,0.9431945538974952,0
735,6,6,11,1.3524305553796692,1740,11,0.9431945538974952,0
1319,6,4,11,1.5235270814109683,2383,6,0.8884502877862838,0
586,6,4,11,0.15077588418310284,1204,6,0.9431945538974952,0
532,1,3,2,0.30595645430451374,2125,6,0.027372133055605714,0
515,2,1,5,0.2272280686767442,627,12,0.8884502877862838,1
184,0,6,10,0.9673200184865499,208,12,0.8884502877862838,0
328,2,4,5,1.1026056437206004,501,6,0.8884502877862838,1
599,3,3,2,0.0879634544652216,2088,6,0.027372133055605714,0
915,6,4,10,1.4678212357263594,3000,6,0.9431945538974952,1
704,6,1,6,0.028278619803140486,1222,11,1.8042727086281731,0
674,2,0,10,1.7582874310818206,1285,11,0.9431945538974952,1
1067,6,1,5,0.2869129033388253,1542,6,0.8884502877862838,1
711,6,0,10,0.321872410214402,1619,3,0.8884502877862838,0
472,5,1,11,0.004404685938308043,868,6,0.9431945538974952,1
340,6,0,8,0.3068078482261857,687,9,0.9431945538974952,0
1651,2,1,11,0.05215255366797293,3031,6,0.9431945538974952,1
77,5,3,2,0.971299007464022,465,12,0.9431945538974952,1
592,6,6,11,0.536737814997894,1610,11,0.9431945538974952,0
841,6,4,11,0.15077588418310284,1181,6,0.8884502877862838,0
739,2,5,10,0.12292296134079832,995,11,0.8884502877862838,0
278,6,1,10,1.0548577759909357,523,11,0.9431945538974952,0
157,5,0,7,0.08313307156607759,283,6,0.8884502877862838,0
67,6,0,10,1.1503535114502654,116,1,0.9431945538974952,1
745,2,6,5,0.15077588418310284,1157,11,0.8884502877862838,1
245,2,2,10,0.7763285475678904,287,11,0.9431945538974952,1
1110,2,0,10,1.5513800042532728,1480,11,0.8884502877862838,0
352,2,6,11,0.4221985285728758,233,6,0.8884502877862838,1
671,6,5,7,0.4898413411899011,973,8,1.8042727086281731,1
311,1,3,2,1.190143401224986,1703,6,0.027372133055605714,0
849,6,4,11,0.3576833110116507,1437,12,0.9431945538974952,0
246,0,0,5,1.1534811065060655,201,3,0.8884502877862838,1
359,1,0,5,0.2232490796992721,603,11,0.9431945538974952,1
162,0,0,3,0.5256522419871498,124,3,0.8884502877862838,1
428,6,0,8,0.23120705765421626,679,11,0.8884502877862838,0
188,3,3,2,2.0137941195617053,0,2,0.027372133055605714,1
1426,6,2,10,1.3922204451543898,1641,11,0.8884502877862838,0
580,6,1,10,0.7555822087588581,964,1,0.9431945538974952,1
383,2,6,7,0.485862352212429,359,3,0.8884502877862838,1
279,5,3,2,0.0353852038364127,644,12,0.9431945538974952,0
47,6,0,10,1.3174710485040924,96,1,0.8884502877862838,1
544,5,1,6,1.237891268954651,611,7,0.8884502877862838,1
145,0,0,5,0.13883891725068662,308,6,0.9431945538974952,1
417,1,0,8,0.19937514583443966,534,11,0.8884502877862838,1
565,2,1,6,0.3306817820910181,1147,11,1.8042727086281731,0
601,0,0,11,0.02429963082566841,664,12,0.8884502877862838,1
342,5,0,3,0.13969031117235856,629,10,0.8884502877862838,1
320,6,4,5,0.8161184373426111,861,12,0.9431945538974952,0
851,6,0,10,0.34176735510176237,2645,6,0.9431945538974952,0
461,6,4,11,0.1357113221948865,1290,12,0.8884502877862838,0
289,2,6,7,0.8470989552407158,337,8,0.9431945538974952,1
1076,6,0,10,1.8458251885862063,3290,11,0.9431945538974952,1
83,5,3,2,0.8758032720046922,486,12,0.8884502877862838,1
599,2,6,10,0.39747320078637144,903,6,0.9431945538974952,0
662,2,6,5,0.04021558673555671,844,11,0.8884502877862838,1
1439,6,2,10,1.3842624671994457,1620,11,0.8884502877862838,0
691,6,4,3,1.5792329270955774,2334,11,0.9431945538974952,0
1167,2,1,11,1.4885675745353917,1489,11,0.9431945538974952,0
817,2,0,10,0.6330849443788957,1361,11,0.8884502877862838,0
623,6,2,10,0.39747320078637144,1434,11,0.9431945538974952,1
396,6,0,1,0.37445066084321094,641,1,0.9431945538974952,1
48,6,0,10,1.4408197068057267,97,6,0.8884502877862838,1
730,2,5,11,0.7038553520517211,1135,7,0.9431945538974952,0
226,3,3,2,2.0137941195617053,0,2,0.9431945538974952,1
632,6,6,11,0.27497593640640905,1438,12,0.9431945538974952,1
827,2,6,11,0.08711206054354965,1445,12,0.9431945538974952,1
202,6,1,10,1.3174710485040924,673,11,0.8884502877862838,1
1515,6,2,10,1.607085849937882,1756,11,0.9431945538974952,0
95,2,0,4,0.5654421317618704,181,11,0.027372133055605714,0
728,6,0,10,1.7463504641494045,1209,11,0.8884502877862838,1
598,6,2,10,0.7922445034777786,916,6,0.8884502877862838,0
258,0,0,11,0.3426187490234343,549,12,0.8884502877862838,1
588,5,6,11,0.5176942640322055,1414,12,0.9431945538974952,1
1491,6,2,10,1.3763044892445015,1633,11,0.8884502877862838,0
208,3,3,2,2.0137941195617053,0,2,0.027372133055605714,1
332,6,4,1,0.41026156164045957,981,12,0.9431945538974952,0
709,2,5,5,1.1892920073033142,1202,7,0.9431945538974952,0
746,6,0,11,1.3484515664021972,1002,6,0.9431945538974952,1
628,6,6,5,0.7595611977363301,1777,6,0.9431945538974952,1
961,2,6,10,1.2569348199203394,967,11,0.9431945538974952,1
1226,5,1,11,0.2670179584514649,3019,4,0.9431945538974952,1
1388,6,4,11,0.9823845804747663,2914,12,0.8884502877862838,1
1244,2,1,11,0.9036561948469968,2177,6,0.8884502877862838,1
794,2,5,3,0.31078683720365774,1705,10,0.9431945538974952,0
740,0,0,7,3.282240209453625,1774,11,0.9431945538974952,1
812,2,5,11,0.6123386055698634,1833,12,0.9431945538974952,1
616,6,2,10,2.9679000802333313,1166,6,0.8884502877862838,0
298,0,0,9,0.27497593640640905,539,10,0.8884502877862838,1
734,2,5,5,1.18133402934837,1254,6,0.9431945538974952,0
789,5,1,7,0.6640654622770004,1368,8,0.9431945538974952,1
978,6,6,10,1.5513800042532728,1115,11,0.8884502877862838,1
999,6,4,11,0.7476242308039139,1785,6,0.8884502877862838,0
312,3,0,10,2.0137941195617053,0,2,0.8884502877862838,1
590,0,5,10,0.44607246243770826,978,3,0.8884502877862838,0
67,6,3,2,1.3333870044139808,406,12,0.9431945538974952,1
1577,5,1,5,0.3537043220341786,2409,11,1.8042727086281731,1
592,6,1,0,0.32272380413607393,1105,11,0.9431945538974952,0
722,0,2,10,2.494400391914154,1233,11,0.8884502877862838,1
306,0,0,3,0.3625136939107947,532,10,0.8884502877862838,1
773,5,5,0,0.09507003849849381,1753,0,1.8042727086281731,0
786,2,5,11,0.6760024292094166,1850,12,0.9431945538974952,1
570,6,2,10,2.8763833337514737,1265,6,0.9431945538974952,0
754,6,6,10,0.19454476293529566,1705,11,0.9431945538974952,1
884,6,6,10,0.4332841015836201,1798,11,0.8884502877862838,1
326,0,0,4,0.8789308670604924,483,11,0.8884502877862838,1
812,6,4,11,0.39747320078637144,1734,6,0.8884502877862838,0
239,2,0,11,0.40230358368551544,547,9,0.9431945538974952,1
554,5,5,0,0.09904902747596588,1625,0,1.8042727086281731,0
1463,5,0,10,0.39747320078637144,2446,11,0.9431945538974952,0
304,2,0,10,0.6808328121085606,740,11,0.8884502877862838,1
305,2,6,7,0.8192460323984113,348,8,0.9431945538974952,1
904,4,2,7,1.0937962718439844,1660,11,0.9431945538974952,0
373,5,1,7,0.4381144844827641,543,6,0.8884502877862838,0
800,6,4,11,0.5964226496599752,1764,12,0.9431945538974952,0
868,6,0,11,1.666770684599963,1079,12,0.8884502877862838,1
555,5,1,10,0.11496498338585417,522,1,0.8884502877862838,1
1327,6,4,6,1.881636089383455,3427,12,0.9431945538974952,1
199,5,1,11,1.2538072248645393,453,6,0.9431945538974952,1
993,2,0,0,0.32670279311354605,1988,11,0.9431945538974952,0
680,4,0,7,2.37105173361252,1508,11,0.9431945538974952,1
636,6,4,8,0.16669184009299115,1228,1,0.8884502877862838,0
453,0,0,3,0.37445066084321094,336,3,0.8884502877862838,0
1556,2,1,10,1.2657441917969554,1949,11,0.9431945538974952,0
879,5,1,5,0.41424055061793164,1345,6,0.8884502877862838,1
192,6,0,7,0.15958525605971893,162,6,0.8884502877862838,1
1027,2,2,4,3.4851686473047008,1075,11,1.8042727086281731,0
124,2,0,10,1.4607146516930871,249,11,0.8884502877862838,1
1038,6,0,10,2.577959160441068,2726,11,0.8884502877862838,1
667,6,1,7,1.0548577759909357,784,11,0.8884502877862838,0
586,1,0,5,0.11894397236332625,759,11,0.9431945538974952,1
860,6,6,10,0.6561074843220562,2109,11,0.9431945538974952,0
241,0,0,4,0.17067082907046321,235,11,0.027372133055605714,0
283,5,1,10,1.0628157539458798,211,11,0.9431945538974952,1
1205,2,2,10,1.9174469901807036,1461,11,0.8884502877862838,1
372,6,6,5,0.536737814997894,678,6,0.8884502877862838,0
160,4,0,5,0.23831364168748848,192,12,0.027372133055605714,1
1536,6,4,6,1.0380904261593753,3266,12,0.9431945538974952,1
1253,6,4,11,1.3842624671994457,2923,12,0.9431945538974952,1
20,6,0,11,1.078731709855768,14,12,0.9431945538974952,1
1086,2,1,10,1.4487776847606708,1581,11,0.9431945538974952,0
707,6,0,10,0.5805066937500868,2234,11,0.8884502877862838,1
545,0,2,10,2.5063373588465705,1202,11,0.9431945538974952,1
78,5,3,2,0.7206227018832814,535,12,0.9431945538974952,1
415,1,0,8,0.2621875755523209,741,11,0.9431945538974952,1
523,6,6,10,0.2900404983946254,863,6,1.8042727086281731,0
602,1,2,10,2.5620432045311796,1284,11,0.9431945538974952,0
266,6,4,11,0.6887907900635047,927,6,0.9431945538974952,0
1252,5,1,5,0.7078343410291932,3535,11,0.9431945538974952,1
966,5,5,3,0.8351619883082996,2183,10,0.9431945538974952,0
106,6,0,4,0.3625136939107947,202,6,0.9431945538974952,1
350,2,6,5,0.4221985285728758,404,6,0.8884502877862838,1
932,6,5,10,0.6202965835248075,2832,11,0.8884502877862838,0
409,0,0,4,1.6627916956224909,578,11,0.9431945538974952,1
774,5,0,10,0.9593620405316058,2094,6,0.8884502877862838,0
264,6,0,6,0.7604125916580021,544,7,1.8042727086281731,0
120,6,1,5,1.5999792659046097,182,6,0.9431945538974952,1
248,2,5,7,0.975277996441494,233,6,0.8884502877862838,1
217,5,0,10,0.9872149633739103,544,11,0.9431945538974952,1
839,2,5,10,0.03936419281388477,2799,11,0.027372133055605714,0
54,0,0,5,0.3068078482261857,219,6,0.8884502877862838,1
936,5,1,6,0.23120705765421626,1310,11,0.8884502877862838,1
752,4,2,10,0.47307399135834083,1290,11,0.9431945538974952,1
700,6,4,11,0.7834351316011626,1444,12,0.8884502877862838,0
398,6,0,6,0.20733312378938382,1096,11,0.8884502877862838,0
58,6,0,10,1.2617652028194835,81,1,0.9431945538974952,1
1112,6,1,10,0.4898413411899011,2375,3,0.9431945538974952,1
549,2,4,5,1.3134920595266204,452,6,0.8884502877862838,1
596,6,4,11,0.9394670956442455,1120,12,0.9431945538974952,0
400,6,6,5,0.7197713079616094,889,6,0.027372133055605714,0
230,5,1,10,1.1941223902024583,697,11,0.9431945538974952,1
979,4,2,7,1.0301324482044312,1565,11,0.9431945538974952,0
298,0,0,4,0.13088093929574246,231,11,0.9431945538974952,0
891,6,0,10,1.7184975413071,2778,11,0.8884502877862838,1
104,1,0,3,0.5495261758519822,85,3,0.8884502877862838,0
130,2,0,3,0.434135495505292,191,11,0.027372133055605714,0
770,4,0,4,2.6018330943059005,1661,11,0.9431945538974952,1
414,6,0,8,0.1357113221948865,622,11,0.9431945538974952,0
155,2,0,7,0.6251269664239516,193,11,0.8884502877862838,1
813,4,0,10,0.8311829993308275,1423,3,0.9431945538974952,0
1555,5,1,11,0.3068078482261857,2916,4,0.9431945538974952,1
795,6,5,3,0.48103196931328496,2290,10,1.8042727086281731,0
294,0,0,5,0.10302801645343795,268,11,0.9431945538974952,0
860,6,0,11,1.8378672106312621,1071,6,0.9431945538974952,1
719,5,1,6,0.7206227018832814,1091,11,0.8884502877862838,1
722,6,6,11,1.0699223379791518,1685,11,0.9431945538974952,0
582,6,6,10,2.088543516212003,697,6,0.9431945538974952,1
939,6,6,10,0.5128638811330616,2305,11,0.9431945538974952,0
250,2,1,5,1.3333870044139808,557,6,0.8884502877862838,1
805,6,2,10,0.21046071884518394,1330,11,0.9431945538974952,1
513,1,3,2,0.321872410214402,2283,6,0.027372133055605714,0
471,2,0,11,0.11183738833005404,460,7,0.027372133055605714,0
534,6,0,8,1.0031309192837985,1251,12,0.9431945538974952,1
802,6,4,11,0.7237502969390814,1555,12,0.8884502877862838,0
769,6,5,8,0.05215255366797293,1667,11,0.8884502877862838,1
301,2,5,11,0.4818833632349569,999,12,0.9431945538974952,1
850,2,5,11,0.7834351316011626,1758,10,0.9431945538974952,1
475,5,1,0,0.321872410214402,593,6,0.8884502877862838,1
505,5,1,6,0.16669184009299115,1242,11,0.9431945538974952,0
432,5,1,6,1.0747527208782959,591,12,0.9431945538974952,1
360,6,1,6,0.06721711565618929,784,11,1.8042727086281731,0
79,6,3,2,1.2140173350898185,461,12,0.9431945538974952,1
842,6,1,5,0.7874141205786347,1097,1,0.9431945538974952,1
394,6,0,11,0.5455471868745101,903,11,0.8884502877862838,0
464,6,2,4,1.014216492294543,817,4,0.8884502877862838,1
1012,5,1,7,1.1534811065060655,1551,8,0.8884502877862838,1
554,6,6,10,0.2940194873720975,948,6,1.8042727086281731,0
615,2,6,11,0.2272280686767442,1439,12,0.9431945538974952,1
779,4,0,4,3.7915507985700505,1787,11,0.9431945538974952,1
596,2,6,10,0.7754771536462185,943,6,0.9431945538974952,0
850,5,1,6,0.3346607710684902,1145,11,0.9431945538974952,1
358,2,5,7,0.8320343932524994,254,6,0.8884502877862838,1
493,2,4,5,1.0468997980359913,539,6,0.8884502877862838,1
51,4,0,3,1.2697231807744276,104,11,1.8042727086281731,0
511,5,1,11,1.3294080154365087,636,12,0.9431945538974952,1
725,6,2,10,0.5924436606825031,1437,11,0.8884502877862838,1
255,0,6,10,0.9275301287118292,232,12,0.8884502877862838,0
652,5,0,10,0.016341652870724265,1504,11,1.8042727086281731,0
1847,6,4,11,0.5614631427843984,2954,6,1.8042727086281731,1
648,2,5,5,0.910762778880269,1231,7,0.9431945538974952,0
1695,2,1,11,0.09592143242016575,3133,4,0.9431945538974952,1
144,6,0,10,1.0110888972387428,178,11,0.8884502877862838,1
484,0,2,3,0.3298303881693462,686,12,0.9431945538974952,1
823,6,4,11,0.09904902747596588,1084,6,0.9431945538974952,0
914,6,0,10,2.036816659504866,1425,11,0.9431945538974952,1
369,5,0,10,0.7683705696129463,766,11,0.8884502877862838,1
891,6,5,10,0.6680444512544724,3542,11,0.027372133055605714,0
605,5,1,11,0.9076351838244688,687,12,0.9431945538974952,1
1771,6,0,11,0.011511269971580253,2065,11,1.8042727086281731,0
339,6,6,5,0.6481495063671121,768,11,0.9431945538974952,0
599,6,2,10,2.8763833337514737,1202,11,0.8884502877862838,0
20,2,1,6,0.9275301287118292,39,7,0.8884502877862838,1
218,0,0,11,0.5574841538069263,507,12,0.9431945538974952,1
294,2,0,9,0.2511020025415766,493,10,0.9431945538974952,1
650,6,5,8,0.09904902747596588,1487,11,0.9431945538974952,1
1027,6,6,5,0.5606117488627265,1970,6,0.8884502877862838,0
417,5,1,0,0.47392538528001277,431,1,0.9431945538974952,1
1135,6,0,10,1.8378672106312621,3018,11,0.8884502877862838,1
978,4,2,7,1.292745720717588,1797,11,0.9431945538974952,0
1573,4,4,10,3.274282231498681,3422,11,0.9431945538974952,0
349,0,6,7,0.11979536628499819,383,6,0.9431945538974952,1
361,5,1,7,0.5256522419871498,568,6,0.8884502877862838,0
516,2,6,10,0.13969031117235856,1666,11,0.8884502877862838,1
657,2,0,10,0.39747320078637144,1533,11,0.8884502877862838,0
53,4,0,3,1.2538072248645393,108,11,0.8884502877862838,0
339,5,1,7,0.40230358368551544,576,6,0.8884502877862838,0
323,6,0,4,0.17152222299213515,615,11,0.9431945538974952,0
385,6,1,6,0.14366930014983062,669,7,1.8042727086281731,0
533,6,2,7,0.9036561948469968,1163,11,0.9431945538974952,0
1022,4,4,7,1.933362946090592,3109,6,0.9431945538974952,1
868,2,5,11,1.0937962718439844,1172,6,0.9431945538974952,0
39,4,0,3,1.2219753130447626,88,11,1.8042727086281731,0
177,4,0,5,0.2940194873720975,215,12,0.027372133055605714,1
524,6,4,11,0.03225760878061256,1554,12,0.8884502877862838,0
296,3,0,10,2.0137941195617053,0,2,0.8884502877862838,1
753,5,6,11,0.09904902747596588,1678,12,0.9431945538974952,1
359,2,6,7,0.1794802009470793,346,6,0.9431945538974952,1
476,1,6,7,0.4571580354484525,1191,11,0.8884502877862838,1
1057,2,2,5,1.0659433490016799,1685,11,0.8884502877862838,0
101,6,0,4,0.2988498702712415,211,11,0.9431945538974952,0
998,2,0,0,0.3465977380009064,1950,11,0.9431945538974952,0
945,5,1,3,0.537589208919566,1341,9,0.9431945538974952,1
1193,2,2,10,1.8975520452933432,1441,11,0.9431945538974952,1
392,2,6,11,0.4062825726629875,267,6,0.9431945538974952,1
296,0,6,10,0.8559083271173319,232,12,0.8884502877862838,0
87,0,0,3,0.9553830515541337,132,11,0.9431945538974952,0
730,6,2,10,0.03936419281388477,1361,12,0.8884502877862838,0
110,0,0,5,0.649000900288784,99,6,0.027372133055605714,1
462,1,0,5,0.05925913770124514,693,11,0.9431945538974952,1
840,2,0,10,2.0606905933696984,1428,11,0.9431945538974952,1
586,5,1,11,0.6450219113113119,679,7,0.8884502877862838,1
252,2,1,7,0.6728748341536165,543,3,0.8884502877862838,0
244,6,0,4,0.43015650652781995,518,11,0.8884502877862838,0
283,4,3,2,1.1583114894052096,1620,6,0.027372133055605714,0
388,6,1,6,0.17067082907046321,707,11,1.8042727086281731,0
126,6,0,5,0.4420934734602362,194,6,0.9431945538974952,1
979,2,1,5,0.4898413411899011,2199,6,0.8884502877862838,1
1288,6,2,10,1.9651948579103686,1599,11,0.9431945538974952,1
402,2,6,10,0.4221985285728758,302,6,0.9431945538974952,1
1060,6,0,10,0.6481495063671121,2437,6,0.9431945538974952,0
394,2,0,3,0.15077588418310284,341,3,1.8042727086281731,0
769,6,2,7,0.3298303881693462,904,11,0.9431945538974952,0
186,0,0,3,0.3585347049333226,154,6,0.9431945538974952,1
446,1,0,8,0.023448236903996476,672,11,0.8884502877862838,1
655,2,0,10,0.6211479774464795,1551,11,0.8884502877862838,0
662,6,6,10,0.17067082907046321,1670,11,0.9431945538974952,0
814,6,4,10,2.0646695823471704,3424,6,0.8884502877862838,1
152,4,0,5,1.2609138088978116,230,12,0.027372133055605714,1
917,6,4,8,0.4173681456737318,1312,12,0.8884502877862838,0
562,5,1,3,0.7246016908607534,1200,3,0.9431945538974952,1
1395,5,1,11,0.03623659775808463,3460,4,0.8884502877862838,1
568,6,2,10,0.12775334423994233,939,6,0.8884502877862838,0
178,2,0,11,1.1423955334953213,512,12,0.9431945538974952,1
81,6,0,10,0.1794802009470793,45,6,0.9431945538974952,0
258,6,0,1,0.7047067459733931,529,1,0.9431945538974952,1
222,0,0,4,0.4014521897638435,175,6,0.8884502877862838,1
1658,6,4,10,3.5806643827640308,3394,11,0.9431945538974952,0
201,6,0,10,0.1953961568569676,163,6,0.9431945538974952,1
78,2,0,4,0.6012530325591191,183,11,0.8884502877862838,0
134,6,1,11,1.2776811587293717,501,12,0.9431945538974952,1
135,6,0,5,0.597274043581647,110,6,1.8042727086281731,1
110,0,0,5,0.6052320215365912,100,6,0.027372133055605714,1
440,6,5,5,0.21046071884518394,757,5,0.9431945538974952,1
497,1,6,8,0.05215255366797293,1149,11,0.8884502877862838,1
402,6,4,5,0.21131211276685588,1102,1,0.8884502877862838,0
82,6,0,10,0.0035532920166361052,114,12,0.8884502877862838,0
82,6,3,2,0.919572150756885,589,12,0.8884502877862838,1
211,0,0,8,0.6688958451761444,487,9,0.9431945538974952,1
259,2,6,7,0.2741245424847371,297,8,0.8884502877862838,1
476,5,1,10,0.3934942118088994,588,6,0.9431945538974952,1
1105,6,4,11,0.23035566373254432,2103,6,0.9431945538974952,0
1427,2,2,5,1.3484515664021972,1616,11,0.9431945538974952,0
637,6,0,5,0.11979536628499819,443,3,0.8884502877862838,0
478,6,6,3,0.6202965835248075,432,11,0.9431945538974952,0
320,0,6,7,0.485862352212429,268,3,0.9431945538974952,1
111,6,1,5,1.5840633099947214,199,6,0.9431945538974952,1
419,1,0,8,0.055280148723773063,632,11,0.8884502877862838,1
457,0,0,5,1.559337982208217,570,11,0.9431945538974952,1
104,6,0,4,0.5057572970997893,191,6,0.9431945538974952,1
800,5,1,10,0.5535051648294542,1357,3,0.8884502877862838,1
373,2,6,7,0.19852375191276772,473,6,0.9431945538974952,1
361,6,1,8,0.1476482891273027,620,11,0.8884502877862838,0
446,5,1,10,0.5853370766492308,672,11,0.9431945538974952,0
799,6,0,10,0.7484756247255858,1458,11,0.9431945538974952,0
982,6,0,10,0.45317904647098045,2260,6,1.8042727086281731,0
855,6,0,5,2.5023583698690985,1701,6,0.9431945538974952,1
406,6,4,5,0.41821953959540376,1183,6,0.9431945538974952,0
1021,6,4,11,0.4850109582907571,2157,6,0.9431945538974952,0
679,5,1,11,0.2820825204396813,998,6,0.8884502877862838,1
771,6,0,3,0.9545316576324617,1630,11,0.9431945538974952,1
421,2,0,11,0.3625136939107947,527,6,0.8884502877862838,1
1425,6,1,5,0.4420934734602362,2684,3,0.8884502877862838,1
791,5,5,7,0.6043806276149193,1820,10,0.9431945538974952,0
269,2,6,7,0.7356872638714977,339,8,0.9431945538974952,1
265,2,1,7,0.6370639333563678,550,6,0.9431945538974952,0
269,6,0,1,0.5773790986942867,570,1,0.9431945538974952,1
802,6,6,11,0.9346367127451014,1593,11,0.9431945538974952,0
668,2,5,11,0.2820825204396813,1638,10,0.9431945538974952,1
423,2,6,10,0.23518604663168832,735,11,0.8884502877862838,1
528,6,0,8,0.9235511397343571,1154,12,0.9431945538974952,1
335,2,1,6,0.01236266389325219,732,11,1.8042727086281731,0
724,3,3,2,1.233912279977179,2241,6,0.8884502877862838,1
554,6,0,5,0.03623659775808463,592,12,0.8884502877862838,1
541,2,4,5,0.8399923712074435,583,6,0.8884502877862838,1
654,2,1,11,0.18345918992455137,564,6,0.9431945538974952,1
642,2,5,10,0.3377883661242903,2609,11,0.8884502877862838,0
1006,6,0,5,2.112417450076835,1493,6,0.9431945538974952,1
313,5,0,3,0.04419457571302878,596,10,0.9431945538974952,1
135,1,0,11,0.40543117874131557,270,12,0.9431945538974952,1
242,2,1,10,1.3691979052112293,646,11,0.8884502877862838,1
1090,5,1,7,1.2569348199203394,1718,8,0.8884502877862838,1
72,6,3,2,0.9911939523513824,467,12,0.8884502877862838,1
175,2,0,10,1.0389418200810472,313,10,0.9431945538974952,1
669,0,2,10,2.414820612364713,1137,11,0.8884502877862838,1
580,6,6,11,0.1269019503182704,1270,11,0.9431945538974952,0
673,2,5,5,1.0022795253621266,1229,6,0.9431945538974952,0
407,0,0,5,1.5832119160730496,588,11,0.8884502877862838,1
1622,4,4,5,3.7477819198178577,3212,11,0.8884502877862838,0
124,6,0,5,0.3147658261811298,222,6,0.8884502877862838,1
71,6,0,10,1.1702484563376256,119,6,0.8884502877862838,1
685,2,5,10,0.07119610463366136,942,11,0.8884502877862838,0
101,6,1,5,1.6278321887469143,184,6,0.9431945538974952,1
331,1,0,8,0.19937514583443966,661,11,0.8884502877862838,1
12,6,1,6,0.5216732530096777,48,12,0.9431945538974952,1
335,6,6,10,0.6768538231310886,603,11,0.8884502877862838,1
263,6,1,6,1.0866896878107122,551,12,0.9431945538974952,1
291,0,0,5,1.5951488830054656,223,3,0.9431945538974952,1
393,6,0,6,0.9832359743964383,725,11,0.8884502877862838,0
794,4,0,10,0.9306577237676293,1471,11,0.9431945538974952,0
857,4,0,10,0.8669939001280762,1330,11,0.9431945538974952,0
366,2,4,5,1.0071099082612707,453,6,0.8884502877862838,1
657,6,6,10,0.023448236903996476,1282,11,0.9431945538974952,0
1480,6,1,5,0.13485992827321455,3145,11,1.8042727086281731,1
1034,5,5,0,0.5725487157951427,2027,0,0.9431945538974952,0
1103,5,1,6,0.00042569696083596866,1818,11,0.8884502877862838,0
322,6,6,5,0.5725487157951427,631,11,0.9431945538974952,0
642,5,1,10,1.1662694673601537,716,11,0.9431945538974952,0
550,6,2,11,0.8431199662632437,748,12,0.8884502877862838,1
534,6,4,11,0.02429963082566841,1411,12,0.8884502877862838,0
851,6,0,10,1.3603885333346133,1315,6,0.9431945538974952,0
707,6,0,10,1.6866656294873235,1389,11,0.9431945538974952,1
246,2,0,7,0.8232250213758834,351,6,0.8884502877862838,0
537,6,5,8,0.3625136939107947,1418,6,0.9431945538974952,1
960,4,4,10,2.7251817526075346,3229,6,0.8884502877862838,1
443,6,1,5,0.5296312309646218,511,6,0.9431945538974952,1
100,6,1,10,0.1905657739578236,171,12,0.9431945538974952,0
740,6,5,3,0.11183738833005404,741,6,0.9431945538974952,1
83,6,3,2,1.182185423270042,473,12,0.9431945538974952,1
557,6,2,10,2.8206774880668646,1185,11,0.8884502877862838,0
804,6,5,7,0.04732217076882892,1699,10,1.8042727086281731,0
193,2,0,7,0.6083596165923914,291,6,0.8884502877862838,0
204,0,0,3,0.23916503560916041,172,6,0.8884502877862838,1
256,2,6,11,0.7405176467706417,236,6,0.9431945538974952,1
571,6,5,11,0.016341652870724265,1342,12,0.9431945538974952,1
785,6,4,3,2.4227785903196573,2487,11,0.9431945538974952,0
49,1,0,10,0.18743817890202344,54,6,0.9431945538974952,0
791,2,6,10,3.3061141433184575,835,6,0.9431945538974952,1
752,6,6,10,0.12775334423994233,1374,11,0.9431945538974952,0
187,4,0,3,0.8232250213758834,200,12,0.027372133055605714,1
207,2,0,5,0.8360133822299715,308,11,0.9431945538974952,1
209,6,0,9,0.11183738833005404,470,11,0.8884502877862838,0
1009,6,2,10,0.09507003849849381,926,11,0.027372133055605714,0
1089,6,4,11,0.48898994726822914,2120,6,0.9431945538974952,0
40,6,0,7,0.7007277569959209,44,4,0.8884502877862838,1
958,6,2,7,0.05925913770124514,939,11,0.027372133055605714,0
750,6,4,11,0.2820825204396813,1739,6,0.8884502877862838,0
777,2,0,0,0.2590599804965208,2120,11,0.9431945538974952,0
1211,5,1,7,0.22239768577760016,2611,11,0.8884502877862838,0
1432,5,1,11,0.27810353146220923,3209,6,0.8884502877862838,1
152,0,0,5,0.05130115974630099,279,6,0.027372133055605714,1
823,6,4,11,0.6282545614797517,1276,6,0.9431945538974952,0
532,2,6,10,0.266166564529793,1551,11,0.9431945538974952,0
518,6,2,7,0.24314402458663248,854,6,0.8884502877862838,0
632,6,1,5,0.39747320078637144,867,6,0.9431945538974952,1
778,2,6,10,0.21529110174432797,1754,11,0.8884502877862838,1
70,6,0,4,0.32670279311354605,196,11,0.8884502877862838,0
6,6,1,6,0.8002024814327229,34,12,0.8884502877862838,1
573,5,1,7,1.1026056437206004,876,11,0.8884502877862838,0
566,6,4,11,0.2590599804965208,1132,1,0.8884502877862838,0
917,6,6,5,1.4001784231093342,2120,3,0.9431945538974952,1
121,6,1,10,0.4492000574935084,162,12,0.8884502877862838,0
873,3,0,10,0.9633410295090779,2301,6,0.9431945538974952,0
588,2,6,11,0.24314402458663248,1585,12,0.9431945538974952,1
148,1,0,11,0.4571580354484525,258,12,0.9431945538974952,1
1046,3,3,2,1.078731709855768,2419,6,0.8884502877862838,1
500,5,1,10,0.8678452940497481,710,11,0.8884502877862838,0
1399,6,1,0,0.5017783081223173,2335,6,0.9431945538974952,1
303,5,0,10,0.8121394483651391,640,12,0.8884502877862838,1
704,6,4,11,0.2184186968001281,1137,6,0.9431945538974952,0
215,1,0,5,0.46909500238086876,282,12,0.9431945538974952,1
530,6,2,3,0.3855362338539552,668,4,0.8884502877862838,1
846,6,6,5,1.284787742762644,2166,6,0.9431945538974952,1
280,2,6,10,0.8797822609821643,220,6,0.9431945538974952,1
317,3,3,2,2.0137941195617053,0,2,0.027372133055605714,1
629,6,0,5,1.770224398014237,1187,6,0.9431945538974952,1
763,4,0,4,3.457315724462396,1677,11,0.9431945538974952,1
154,0,0,5,0.07602648753280537,255,6,0.9431945538974952,1
287,6,6,7,0.6919183851193049,354,8,0.9431945538974952,1
304,3,0,10,2.0137941195617053,0,2,0.9431945538974952,1
1101,5,6,5,0.9147417678577411,1972,11,0.8884502877862838,0
794,2,5,7,0.485862352212429,987,8,0.9431945538974952,1
658,6,6,11,0.055280148723773063,1437,12,0.9431945538974952,1
470,6,0,11,0.007532280994108179,791,7,0.9431945538974952,1
509,2,5,11,0.07517509361113343,1563,12,0.9431945538974952,1
404,2,6,10,0.17464981804793528,334,11,0.9431945538974952,0
394,5,4,5,1.0071099082612707,416,6,0.8884502877862838,1
816,2,6,10,0.2948708812937694,1729,11,0.9431945538974952,1
296,6,6,7,0.3576833110116507,292,6,0.8884502877862838,1
776,2,5,7,0.4699463963025407,955,8,1.8042727086281731,1
713,0,2,10,3.2504082976338484,1380,11,0.8884502877862838,1
311,3,0,10,2.0137941195617053,0,2,0.9431945538974952,1
912,6,6,10,0.8908678339929086,2162,11,0.8884502877862838,0
552,0,2,11,0.8988258119478527,796,7,0.8884502877862838,1
396,3,0,10,2.0137941195617053,0,2,0.9431945538974952,1
1016,5,1,10,0.03225760878061256,2338,11,0.9431945538974952,1
649,5,1,3,0.6450219113113119,1211,9,0.8884502877862838,1
78,1,0,10,0.1317323332174144,49,6,0.8884502877862838,0
181,0,0,5,0.03225760878061256,256,6,0.9431945538974952,1
272,2,0,11,0.4898413411899011,496,9,0.9431945538974952,1
927,2,1,11,1.5243784753326404,1482,11,1.8042727086281731,0
1165,6,4,6,1.4877161806137198,3016,12,0.8884502877862838,1
1004,2,1,10,0.5009269142006454,2326,11,1.8042727086281731,0
706,6,4,11,0.0035532920166361052,1168,12,0.9431945538974952,0
750,6,5,10,0.24314402458663248,1608,6,0.8884502877862838,1
67,4,0,3,1.1622904783826815,93,11,0.027372133055605714,0
42,4,0,3,1.078731709855768,129,11,0.027372133055605714,0
954,2,6,10,1.5155691034560241,1144,11,0.8884502877862838,1
925,6,6,5,0.7635401867138022,1768,3,0.9431945538974952,1
454,1,0,5,0.10700700543091003,629,11,0.9431945538974952,1
348,6,5,7,0.8758032720046922,293,6,0.9431945538974952,1
348,6,1,6,0.0194692479265244,653,7,1.8042727086281731,0
352,3,3,2,2.0137941195617053,0,2,0.9431945538974952,1
749,2,5,7,0.3465977380009064,1009,8,1.8042727086281731,1
726,3,0,10,0.8559083271173319,2184,6,0.9431945538974952,0
559,1,3,2,0.2025027408902398,2158,6,0.027372133055605714,0
963,6,0,10,0.17464981804793528,2383,6,1.8042727086281731,0
535,5,1,0,0.028278619803140486,559,1,0.9431945538974952,1
341,3,3,2,2.0137941195617053,0,2,0.9431945538974952,1
984,4,2,7,0.9983005363846545,1603,11,0.9431945538974952,0
547,0,2,3,0.7436452418264419,776,4,0.8884502877862838,1
741,6,1,5,0.24229263066496054,909,1,0.9431945538974952,1
460,6,1,6,0.19454476293529566,865,11,1.8042727086281731,0
862,4,0,7,2.995753003075636,1675,11,0.9431945538974952,1
365,2,0,10,0.8877402389371084,713,12,0.9431945538974952,1
464,6,6,10,3.2941771763860412,671,6,0.9431945538974952,1
313,2,1,10,1.0071099082612707,623,11,0.9431945538974952,0
801,2,5,11,0.8709728891055483,1532,10,0.9431945538974952,1
446,1,0,8,0.01236266389325219,655,11,0.9431945538974952,1
555,6,6,10,0.18743817890202344,1376,11,0.9431945538974952,0
707,5,3,2,0.004404685938308043,1619,12,0.8884502877862838,0
1026,6,6,10,0.6202965835248075,2094,11,0.9431945538974952,0
910,6,4,5,0.5964226496599752,1796,6,0.9431945538974952,0
492,6,4,5,0.24229263066496054,1165,1,0.9431945538974952,0
140,0,0,5,0.09990042139763781,122,6,0.8884502877862838,1
291,6,1,6,0.06408952060038915,607,11,0.9431945538974952,0
786,6,0,5,2.172102284738916,1003,12,0.9431945538974952,1
84,2,0,3,0.4818833632349569,212,11,0.027372133055605714,0
305,2,1,5,0.7803075365453624,558,6,0.8884502877862838,1
496,6,2,7,0.1357113221948865,916,6,0.8884502877862838,0
643,5,1,11,0.7842865255228345,642,7,0.8884502877862838,1
314,6,0,8,0.6768538231310886,555,9,0.8884502877862838,0
468,1,6,8,0.8192460323984113,1327,11,0.9431945538974952,1
306,6,0,1,0.7564336026805301,410,1,0.9431945538974952,1
916,6,6,5,1.4598632577714152,2089,3,0.9431945538974952,1
385,5,0,10,0.8041814704101949,660,12,0.9431945538974952,1
416,3,3,2,0.11979536628499819,2015,6,0.027372133055605714,0
502,2,1,11,0.016341652870724265,1030,6,1.8042727086281731,1
946,6,0,5,2.430736568274601,1569,6,0.9431945538974952,1
663,5,1,0,0.5248008480654778,687,1,0.8884502877862838,1
436,6,5,8,0.5137152750547335,1333,6,0.9431945538974952,1
924,6,1,5,0.05215255366797293,1162,6,0.9431945538974952,1
44,0,0,4,1.078731709855768,182,6,0.9431945538974952,1
997,2,5,11,0.3537043220341786,1820,1,0.9431945538974952,1
612,5,1,10,0.4500514514151803,691,6,0.8884502877862838,1
647,2,5,5,0.49694792522317327,965,7,0.9431945538974952,0
917,6,0,10,1.9691738468878406,2569,11,0.9431945538974952,1
609,5,1,10,0.0720474985553333,818,6,0.9431945538974952,1
120,6,0,4,0.378429649820683,239,6,0.9431945538974952,1
781,4,2,10,0.540716803975366,1376,11,0.8884502877862838,1
211,5,1,10,1.2140173350898185,721,11,0.8884502877862838,1
479,2,5,3,0.7325596688156976,694,11,0.9431945538974952,0
676,1,2,10,2.8246564770443365,1291,11,0.8884502877862838,0
537,2,6,10,0.05130115974630099,854,6,1.8042727086281731,0
615,3,0,6,1.882487483305127,1409,6,1.8042727086281731,1
558,6,6,11,0.22637667475507225,1299,11,0.9431945538974952,0
571,2,5,10,0.18743817890202344,910,6,0.8884502877862838,0
445,1,0,8,0.3815572448764831,744,11,0.9431945538974952,1
323,0,0,3,0.19141716787949553,527,10,0.9431945538974952,1
1200,2,1,11,1.4249037508958384,1562,11,1.8042727086281731,0
867,6,6,9,1.6428967507351306,1986,6,0.9431945538974952,1
243,6,0,9,0.19141716787949553,398,11,0.9431945538974952,0
31,0,0,4,1.1941223902024583,157,6,0.9431945538974952,1
692,2,5,7,0.6927697790409768,991,8,0.9431945538974952,1
1007,2,0,0,0.4818833632349569,1850,11,0.9431945538974952,0
664,2,6,11,0.1953961568569676,1465,12,0.9431945538974952,1
704,6,2,7,0.17152222299213515,999,6,0.9431945538974952,0
1454,6,4,1,1.1296071726412331,3184,12,0.8884502877862838,1
604,6,5,5,0.41821953959540376,616,6,0.9431945538974952,1
770,6,4,7,0.48103196931328496,2330,6,0.9431945538974952,1
673,2,5,10,0.028278619803140486,951,6,0.8884502877862838,0
654,6,6,10,0.6043806276149193,1428,11,0.9431945538974952,0
101,6,0,3,0.4898413411899011,220,11,1.8042727086281731,0
154,2,0,11,0.03936419281388477,227,12,0.8884502877862838,1
1807,6,1,10,0.13088093929574246,3183,11,1.8042727086281731,1
276,6,0,11,1.0110888972387428,766,11,0.9431945538974952,0
1177,6,5,7,0.5287798370429498,1750,6,0.8884502877862838,1
349,2,1,6,0.09194244344269367,648,11,0.9431945538974952,0
242,0,6,10,0.7962234924552508,275,12,0.9431945538974952,0
627,6,6,11,0.3258513991918741,1398,11,0.9431945538974952,0
1093,2,6,5,1.0261534592269592,2589,6,1.8042727086281731,0
778,2,0,10,1.877657100405983,1205,11,0.8884502877862838,1
376,5,1,7,0.5216732530096777,546,3,0.9431945538974952,0
904,6,2,7,0.4014521897638435,1021,6,0.9431945538974952,0
11,6,0,11,1.1185215996304887,14,12,0.9431945538974952,1
709,6,2,10,0.21443970782265603,944,11,0.027372133055605714,0
365,6,6,7,0.695897374096777,327,8,0.9431945538974952,1
384,3,0,10,2.0137941195617053,0,2,0.8884502877862838,1
316,3,3,2,2.0137941195617053,0,2,0.027372133055605714,1
307,6,4,5,0.6131899994915354,933,12,0.9431945538974952,0
311,0,0,3,0.37445066084321094,268,3,0.8884502877862838,0
424,2,0,10,0.699876363074249,630,6,0.027372133055605714,0
641,6,2,5,0.5057572970997893,1206,11,0.9431945538974952,0
1002,3,3,2,0.9633410295090779,2371,6,0.8884502877862838,1
804,2,2,4,0.11581637730752611,1391,11,0.9431945538974952,0
22,6,0,11,1.1423955334953213,24,12,0.9431945538974952,1
634,2,1,10,0.32272380413607393,784,1,0.8884502877862838,1
36,6,1,6,0.3068078482261857,63,12,0.9431945538974952,1
658,4,2,10,0.7118133300066652,1201,11,0.8884502877862838,1
860,6,5,3,0.4261775175503479,731,6,1.8042727086281731,1
353,0,0,10,0.12377435526247026,392,11,0.8884502877862838,1
85,6,3,2,1.464693640670559,465,12,0.9431945538974952,1
532,2,4,5,1.0508787870134635,606,6,0.8884502877862838,1
158,2,0,11,0.31789342123692993,227,12,0.9431945538974952,1
242,2,1,7,0.8917192279145806,431,3,0.9431945538974952,0
688,2,5,7,0.652979889266256,1037,8,1.8042727086281731,1
253,3,3,2,2.0137941195617053,0,2,0.027372133055605714,1
1602,6,1,10,1.817972265743902,2790,11,0.9431945538974952,0
850,2,6,10,1.3126406656049485,1094,11,0.8884502877862838,1
290,0,0,9,0.3346607710684902,380,11,0.9431945538974952,1
85,1,0,10,0.6330849443788957,100,3,0.8884502877862838,0
920,6,4,11,0.9585106466099339,1307,6,0.8884502877862838,0
610,6,2,10,0.08000547651027745,1073,12,0.9431945538974952,0
347,0,0,10,0.46113702442592464,410,11,0.9431945538974952,1
278,0,0,5,0.4850109582907571,275,11,0.027372133055605714,0
115,0,0,5,0.5256522419871498,88,6,0.9431945538974952,1
492,1,0,5,0.05130115974630099,693,11,0.8884502877862838,1
221,6,0,10,0.5327588260204219,202,6,0.9431945538974952,1
741,3,3,2,1.3652189162337574,2367,6,0.027372133055605714,1
535,6,2,10,2.67743388487787,1177,11,0.8884502877862838,0
721,6,4,11,0.429305112606148,1497,12,0.8884502877862838,0
1419,6,1,10,0.3943456057305713,2516,9,0.9431945538974952,1
1373,2,0,4,0.8232250213758834,2062,11,1.8042727086281731,0
767,6,0,10,0.18260779600287944,1311,11,0.8884502877862838,0
269,2,2,10,0.915593161779413,272,11,0.8884502877862838,1
641,6,1,5,1.0062585143395988,929,1,0.9431945538974952,1
662,6,0,7,0.7476242308039139,1245,11,0.8884502877862838,1
770,5,1,7,0.9585106466099339,1594,8,0.8884502877862838,1
274,6,0,1,0.6211479774464795,437,1,0.9431945538974952,1
954,6,4,5,1.2012289742357303,1842,6,0.8884502877862838,0
52,0,0,3,1.1423955334953213,94,11,0.027372133055605714,0
681,6,6,10,2.7689506313597274,731,6,0.8884502877862838,1
600,6,5,11,0.1547548731605749,1305,12,0.9431945538974952,1
524,5,6,11,0.7444966357481138,1280,12,0.9431945538974952,1
470,3,0,10,2.0137941195617053,0,2,0.8884502877862838,1
890,2,5,11,0.8709728891055483,1969,1,0.9431945538974952,1
309,5,1,7,0.6887907900635047,504,3,0.8884502877862838,0
817,6,4,10,1.9055100232482876,3067,6,0.8884502877862838,1
654,6,2,10,0.3306817820910181,981,6,0.9431945538974952,0
146,2,1,7,0.31078683720365774,220,6,0.8884502877862838,0
933,5,1,7,0.5606117488627265,1369,8,0.8884502877862838,1
166,6,0,7,0.37047167186573887,223,11,0.9431945538974952,1
692,2,5,11,1.0977752608214564,1194,7,0.9431945538974952,0
1049,6,0,11,2.1203754280317795,1074,12,0.9431945538974952,1
336,6,4,5,0.266166564529793,1159,6,0.8884502877862838,0
541,6,1,5,0.8431199662632437,976,6,0.9431945538974952,1
994,6,0,10,1.6031068609604098,2470,11,0.9431945538974952,1
546,2,1,10,0.23120705765421626,863,6,1.8042727086281731,1
197,6,0,10,0.5805066937500868,218,6,0.8884502877862838,1
709,2,0,0,0.41821953959540376,1977,11,0.9431945538974952,0
362,2,6,7,0.12377435526247026,364,3,0.9431945538974952,1
33,2,1,6,0.8877402389371084,40,7,0.8884502877862838,1
833,5,1,6,0.38638762777562713,1150,11,0.9431945538974952,1
624,6,0,5,0.11979536628499819,1075,6,0.9431945538974952,1
731,2,5,5,1.1614390844610096,1217,7,0.9431945538974952,0
505,6,5,7,0.3505767269783785,1580,10,0.9431945538974952,0
76,5,3,2,0.919572150756885,508,12,0.9431945538974952,1
1027,2,1,10,1.564168365107361,1158,11,1.8042727086281731,0
378,6,0,6,0.9354881066667734,767,11,0.9431945538974952,0
682,6,2,10,0.04021558673555671,1223,12,0.8884502877862838,0
830,6,0,10,0.429305112606148,2656,6,1.8042727086281731,0
272,3,3,2,2.0137941195617053,0,2,0.8884502877862838,1
354,2,0,3,0.17067082907046321,290,3,0.8884502877862838,0
185,6,0,10,0.4062825726629875,377,11,1.8042727086281731,0
1468,5,0,10,1.3404935884472529,2556,11,0.9431945538974952,0
420,6,2,3,0.3576833110116507,733,12,0.8884502877862838,1
115,6,1,10,0.0353852038364127,171,12,0.9431945538974952,0
293,2,2,5,0.7246016908607534,289,11,0.9431945538974952,1
458,1,2,10,2.3352408328152716,1133,6,0.8884502877862838,0
583,6,1,11,0.15162727810477478,1028,6,1.8042727086281731,1
268,0,6,10,0.7246016908607534,280,12,0.9431945538974952,0
290,0,0,4,1.8975520452933432,602,11,1.8042727086281731,1
453,6,0,11,0.011511269971580253,627,7,0.8884502877862838,1
749,3,3,2,0.8240764152975553,2333,6,0.8884502877862838,1
111,2,0,3,0.38240863879815506,210,11,1.8042727086281731,0
628,2,5,7,0.8280554042750273,929,8,0.9431945538974952,1
275,0,0,11,0.537589208919566,658,9,0.9431945538974952,1
25,2,1,6,0.3585347049333226,48,12,0.9431945538974952,1
1358,6,2,3,1.6230018058477702,1837,11,0.8884502877862838,0
442,2,0,10,0.6728748341536165,729,12,0.8884502877862838,1
467,6,6,10,0.7874141205786347,1012,11,0.9431945538974952,0
236,6,0,6,0.9872149633739103,787,11,0.8884502877862838,0
512,2,1,11,0.3028288592487136,988,6,1.8042727086281731,1
514,6,5,10,0.6967487680184489,1323,6,0.9431945538974952,1
579,2,1,10,0.18743817890202344,896,6,0.8884502877862838,1
795,2,6,10,1.4240523569741665,916,11,0.8884502877862838,1
3,6,0,11,1.1423955334953213,10,12,0.8884502877862838,1
590,1,3,2,0.38638762777562713,1854,6,0.027372133055605714,0
489,6,6,10,0.4571580354484525,408,11,0.8884502877862838,0
320,2,5,7,0.8519293381398598,224,6,0.9431945538974952,1
301,0,6,10,0.485862352212429,235,12,0.8884502877862838,0
385,6,6,5,0.7635401867138022,832,11,0.027372133055605714,0
878,3,0,10,0.6609378672212003,2025,6,0.9431945538974952,0
1213,5,1,11,0.08000547651027745,2502,11,0.8884502877862838,0
1241,2,0,4,0.40230358368551544,1866,11,1.8042727086281731,0
806,6,0,5,0.859035922173132,1461,11,0.9431945538974952,1
383,0,2,10,0.5455471868745101,318,11,0.8884502877862838,1
250,3,3,2,2.0137941195617053,0,2,0.027372133055605714,1
636,1,6,8,0.699876363074249,1260,11,0.9431945538974952,1
557,2,0,11,0.8311829993308275,645,7,1.8042727086281731,0
855,6,6,9,1.1097122277538727,1987,6,0.9431945538974952,1
768,2,1,10,0.36962027794406693,1062,6,0.8884502877862838,1
1295,6,1,10,0.10785839935258197,2764,11,0.9431945538974952,1
334,6,1,10,1.1026056437206004,570,11,0.9431945538974952,0
274,6,6,7,0.36962027794406693,343,8,0.9431945538974952,1
958,5,1,7,0.26303896947399286,2433,11,0.8884502877862838,0
729,6,6,9,1.2251029081005629,1976,6,0.9431945538974952,1
665,6,6,11,0.321872410214402,1643,11,0.8884502877862838,0
691,6,4,11,0.9505526686549897,1511,12,0.9431945538974952,0
572,2,5,3,0.31078683720365774,986,3,0.8884502877862838,0
386,1,0,8,0.04419457571302878,593,11,0.8884502877862838,1
738,6,1,10,1.3245776325373646,1101,6,0.9431945538974952,1
1486,6,2,10,1.615043827892826,1669,11,0.8884502877862838,0
100,6,0,5,0.5614631427843984,213,6,0.8884502877862838,1
333,0,5,9,0.19937514583443966,699,6,0.9431945538974952,1
530,3,3,2,2.0137941195617053,0,2,0.8884502877862838,1
1181,6,1,5,0.3934942118088994,1578,6,0.9431945538974952,1
708,6,4,8,0.29799847634956955,1314,1,0.8884502877862838,0
383,6,0,8,0.04817356469050085,731,11,0.8884502877862838,0
866,2,5,9,0.2184186968001281,1883,10,0.9431945538974952,0
659,3,0,6,1.9660462518320405,1141,6,0.9431945538974952,1
612,2,5,11,0.9585106466099339,1222,7,0.9431945538974952,0
78,6,3,2,1.1622904783826815,472,12,0.9431945538974952,1
509,5,4,5,1.1264795775854328,445,6,0.8884502877862838,1
93,1,0,3,0.537589208919566,86,3,0.8884502877862838,0
377,6,0,11,0.03140621485894062,771,7,0.8884502877862838,1
635,2,6,11,0.40230358368551544,1237,12,0.9431945538974952,1
586,2,5,10,0.6251269664239516,754,11,0.8884502877862838,0
292,6,0,1,0.7086857349508652,436,1,0.9431945538974952,1
293,3,3,2,0.859887316094804,1354,6,0.9431945538974952,1
274,0,0,9,0.4261775175503479,395,11,0.9431945538974952,1
711,6,4,8,0.21927009072180004,1106,1,0.9431945538974952,0
371,6,0,11,0.12292296134079832,761,7,0.9431945538974952,1
908,2,1,10,1.3802834782219737,1647,6,0.9431945538974952,0
330,6,5,10,0.9354881066667734,1195,6,0.8884502877862838,1
801,6,4,7,0.803330076488523,2606,6,0.9431945538974952,1
674,6,0,3,0.8192460323984113,1385,11,0.8884502877862838,1
793,5,0,10,0.4221985285728758,2607,6,0.9431945538974952,0
123,6,0,4,0.37047167186573887,217,6,0.9431945538974952,1
1023,2,0,0,0.38240863879815506,2220,11,0.9431945538974952,0
557,5,1,7,0.1794802009470793,552,6,0.8884502877862838,1
956,6,0,10,3.278261220476153,2053,11,0.8884502877862838,0
304,5,0,10,0.4818833632349569,703,12,0.9431945538974952,1
609,2,6,10,2.1203754280317795,609,6,0.9431945538974952,1
428,6,0,10,0.863866305072276,1318,12,0.9431945538974952,1
909,2,5,0,0.2940194873720975,1924,10,1.8042727086281731,0
198,2,0,7,0.807309065465995,259,6,0.9431945538974952,0
648,2,5,7,0.7246016908607534,929,8,1.8042727086281731,1
296,2,6,7,0.5137152750547335,338,6,0.8884502877862838,1
908,2,6,10,0.4332841015836201,1782,11,0.8884502877862838,1
1196,2,1,10,0.5446957929528382,2541,11,1.8042727086281731,0
568,3,3,2,0.3625136939107947,1932,6,0.027372133055605714,0
494,2,0,11,0.6322335504572237,515,7,0.9431945538974952,0
133,2,0,4,0.163564245037191,223,11,1.8042727086281731,0
603,6,5,3,0.3505767269783785,623,6,1.8042727086281731,1
409,6,0,8,0.19141716787949553,583,9,0.8884502877862838,0
817,6,0,10,1.0261534592269592,1267,11,0.9431945538974952,0
275,6,0,7,1.2975761036167321,172,11,0.8884502877862838,1
471,6,6,11,0.22637667475507225,1183,11,0.8884502877862838,0
1356,2,1,5,0.36649268288826675,2531,9,0.8884502877862838,1
853,5,0,10,0.4261775175503479,2080,6,0.9431945538974952,0
839,6,5,7,0.321872410214402,2052,10,0.9431945538974952,0
1051,5,1,7,0.5535051648294542,2095,11,0.9431945538974952,0
215,2,6,7,0.9744266025198222,338,6,0.9431945538974952,1
787,6,6,5,0.9943215474071825,1904,3,0.9431945538974952,1
283,2,0,11,0.4381144844827641,549,9,0.8884502877862838,1
29,0,0,3,1.2776811587293717,166,6,0.8884502877862838,1
45,0,0,4,0.7405176467706417,207,6,0.8884502877862838,1
267,0,0,11,0.5574841538069263,502,9,0.9431945538974952,1
237,5,1,11,1.1742274453150978,469,6,0.9431945538974952,1
738,6,6,10,0.18260779600287944,1680,11,0.9431945538974952,1
368,2,5,7,0.752454613703058,278,6,0.9431945538974952,1
804,6,6,5,1.2489768419653953,1801,6,0.9431945538974952,1
92,6,0,5,0.4619884183475966,208,6,0.9431945538974952,1
987,5,1,11,0.03623659775808463,2396,11,0.8884502877862838,0
335,6,1,10,0.7444966357481138,693,11,1.8042727086281731,0
1084,2,6,10,2.0606905933696984,1338,11,0.8884502877862838,1
506,6,5,3,0.541568197897038,746,11,0.9431945538974952,0
616,2,5,11,0.30197746532704167,1801,10,0.9431945538974952,1
482,6,4,5,0.3625136939107947,1119,1,0.8884502877862838,0
107,0,0,5,0.8877402389371084,82,6,0.9431945538974952,1
374,2,6,10,0.5256522419871498,546,11,0.9431945538974952,1
899,5,0,10,0.4381144844827641,2122,6,0.9431945538974952,0
482,5,4,5,0.9593620405316058,588,6,0.8884502877862838,1
767,5,0,10,0.7882655145003066,2178,6,0.9431945538974952,0
1002,2,5,11,0.6680444512544724,1903,10,0.9431945538974952,1
76,6,1,5,1.7551598360260205,183,6,0.9431945538974952,1
108,1,0,3,0.5614631427843984,94,3,0.9431945538974952,0
101,6,0,5,0.40230358368551544,198,6,0.9431945538974952,1
204,2,1,10,1.0628157539458798,566,11,1.8042727086281731,0
242,2,0,11,0.23518604663168832,583,12,0.9431945538974952,1
257,0,0,11,0.32272380413607393,652,9,0.8884502877862838,1
975,6,0,5,2.753034675449839,1393,6,0.9431945538974952,1
302,5,3,2,0.1269019503182704,681,12,0.9431945538974952,0
509,0,5,3,0.7564336026805301,927,3,0.8884502877862838,0
758,0,0,4,3.4175258346876753,1648,11,0.9431945538974952,1
368,6,0,6,0.8360133822299715,839,11,0.9431945538974952,0
789,6,4,5,0.12292296134079832,1594,6,0.8884502877862838,0
725,6,0,10,0.3377883661242903,1271,11,0.8884502877862838,0
1164,2,1,10,0.7197713079616094,1460,6,0.8884502877862838,0
434,5,4,5,1.1782064342925698,430,6,0.8884502877862838,1
310,6,0,4,0.25025060861990467,583,11,0.8884502877862838,0
486,6,6,5,1.0062585143395988,977,11,0.9431945538974952,0
397,2,6,10,0.3983245947080434,624,11,0.9431945538974952,1
40,2,1,6,0.41821953959540376,59,7,0.8884502877862838,1
146,6,0,5,0.3983245947080434,218,6,0.9431945538974952,1
433,1,0,8,0.540716803975366,788,11,0.9431945538974952,1
500,1,0,5,0.23035566373254432,697,11,0.8884502877862838,1
1015,6,4,10,0.7993510875110509,2570,6,0.8884502877862838,1
722,5,0,10,0.7564336026805301,2233,6,0.9431945538974952,0
344,0,2,5,0.44607246243770826,314,11,0.8884502877862838,1
137,6,1,5,1.5960002769271375,212,6,0.8884502877862838,1
223,2,0,4,0.0879634544652216,576,11,0.9431945538974952,0
114,6,0,3,0.5654421317618704,207,11,0.8884502877862838,0
595,6,4,11,0.6202965835248075,1624,12,0.9431945538974952,0
359,2,1,6,0.06408952060038915,633,11,1.8042727086281731,0
