1,0,0.71,-2.09,-58.02,-216.96,1
1,0,0.21,3.37,13.18,-977.58,1
1,0,0.38,4.21,98.29,-575.14,1
1,0,-0.45,-9.15,-30.05,549.40,1
1,0,-0.12,5.84,-24.91,926.31,1
1,0,0.98,-6.14,28.36,390.10,1
1,0,-0.48,-9.05,11.78,-895.17,1
1,0,-0.31,-9.33,36.62,435.84,1
1,0,-0.69,0.80,1.73,-600.72,1
1,0,0.60,-2.02,-73.66,932.49,1
1,0,-0.60,-4.51,-9.07,356.43,1
1,0,0.35,-2.21,-98.54,-252.21,1
1,0,0.35,-2.03,75.34,83.07,1
1,0,0.55,-4.00,97.03,637.61,1
1,0,0.01,-3.54,-54.18,112.86,1
1,0,-0.87,-5.60,71.98,-339.93,1
1,0,0.84,9.15,-29.57,-568.86,1
1,0,-0.56,5.87,-29.84,367.98,1
1,0,0.53,-2.26,-20.04,-669.71,1
1,0,0.05,8.41,-65.21,-581.97,1
1,0,0.01,-9.13,-45.34,-142.35,1
1,0,-0.83,-2.86,-59.16,-620.17,1
1,0,0.15,-4.06,-46.61,-785.09,1
1,0,-0.69,6.83,-83.68,242.94,1
1,0,-0.30,-0.06,-86.78,-388.18,1
1,0,-0.08,0.36,72.47,-897.55,1
1,0,-0.47,-4.97,-50.88,-847.68,1
1,0,-0.74,-8.78,-94.37,743.52,1
1,0,-0.43,-1.99,-95.61,-343.78,1
1,0,0.54,6.11,25.20,-174.36,1
1,0,0.52,5.71,49.02,-254.48,1
1,0,-0.81,8.50,-17.58,-329.28,1
1,0,0.85,-8.77,72.23,-400.84,1
1,0,0.87,-5.30,33.39,266.90,1
1,0,0.24,-2.42,64.04,999.98,1
1,0,-0.45,9.37,-6.96,392.49,1
1,0,0.53,-8.70,-24.85,-482.26,1
1,0,0.91,0.87,30.37,-866.40,1
1,0,0.17,-0.93,15.53,-304.79,1
1,0,0.09,-3.17,97.98,-753.22,1
1,0,-0.47,-8.53,-40.02,716.85,1
1,0,0.54,6.41,-64.99,-441.33,1
1,0,0.41,8.69,87.74,803.77,1
1,0,0.90,-2.56,59.48,780.28,1
1,0,-0.67,3.74,-66.94,-843.18,1
1,0,0.47,-4.20,-28.86,-71.40,1
1,0,0.86,3.46,59.70,-433.16,1
1,0,0.07,7.44,50.17,-459.90,1
1,0,0.44,1.69,-38.17,154.65,1
1,0,0.77,7.04,54.06,27.79,1
1,0,-0.28,6.48,98.95,236.16,1
1,0,-0.85,-7.51,98.47,-313.42,1
1,0,0.22,-5.00,53.12,636.84,1
1,0,-0.92,-6.22,87.28,-479.71,1
1,0,-0.66,-6.04,24.00,28.80,1
1,0,-0.52,-9.73,-57.38,809.82,1
1,0,0.26,3.25,93.55,-879.24,1
1,0,0.98,-9.97,33.03,-739.00,1
1,0,0.69,5.26,50.73,365.49,1
1,0,0.33,-5.33,45.93,83.31,1
1,0,0.81,1.56,12.31,-608.88,1
1,0,0.74,5.65,-94.19,970.72,1
1,0,0.35,4.39,45.65,-12.12,1
1,0,0.81,-6.19,78.17,-596.88,1
1,0,0.61,-7.30,-20.82,645.61,1
1,0,0.86,-0.47,-18.46,-584.80,1
1,0,-0.38,5.75,-99.51,357.34,1
1,0,-0.01,-6.43,25.17,401.90,1
1,0,-0.31,9.86,-10.86,-639.50,1
1,0,0.54,-4.96,94.30,-556.69,1
1,0,-0.13,-8.89,56.59,-258.83,1
1,0,-0.09,2.42,57.39,-72.97,1
1,0,0.35,9.34,-23.18,-287.44,1
1,0,0.51,-9.17,-15.29,995.64,1
1,0,0.48,3.70,-97.21,771.34,1
1,0,-0.58,0.94,-14.17,-794.00,1
1,0,0.84,-5.10,49.29,994.81,1
1,0,0.14,-5.98,95.08,537.29,1
1,0,0.82,8.27,-47.13,-846.47,1
1,0,-0.47,-0.02,72.42,202.31,1
1,0,-0.54,-3.30,66.31,402.33,1
1,0,-0.57,6.55,-11.53,152.99,1
1,0,-0.36,3.00,2.59,516.65,1
1,0,0.92,-5.58,-43.63,318.25,1
1,0,-0.85,3.59,-3.62,-120.22,1
1,0,-0.48,9.02,49.02,573.89,1
1,0,-0.05,-9.06,-81.66,-537.54,1
1,0,-0.14,-9.95,-8.63,-932.44,1
1,0,-0.32,8.52,-22.68,-21.19,1
1,0,-0.76,1.53,-84.43,-842.64,1
1,0,0.09,-0.64,-52.80,261.59,1
1,0,-0.35,-6.12,25.33,202.18,1
1,0,0.89,0.85,95.87,903.89,1
1,0,0.25,0.21,31.73,433.82,1
1,0,-0.42,0.12,3.91,354.70,1
1,0,0.63,7.25,58.00,-756.54,1
1,0,-0.23,9.57,25.29,780.53,1
1,0,0.29,5.59,2.28,-573.98,1
1,0,-0.27,-3.66,-56.40,-423.77,1
1,0,0.23,-4.72,90.29,-765.73,1
1,0,0.46,-4.48,53.71,-894.56,1
1,0,-0.40,1.73,52.80,584.00,1
1,0,0.66,7.04,14.07,-489.73,1
1,0,-0.42,5.05,-64.96,-496.97,1
1,0,0.80,6.24,47.78,578.79,1
1,0,-0.84,-6.33,56.44,-560.20,1
1,0,0.29,2.83,-35.43,46.53,1
1,0,-0.52,1.34,-8.38,733.25,1
1,0,0.78,8.41,-95.84,-241.16,1
1,0,0.18,-0.72,40.16,121.40,1
1,0,-0.80,-9.35,-74.07,-865.05,1
1,0,0.64,3.12,29.78,615.90,1
1,0,-0.42,-6.64,-62.45,-798.57,1
1,0,0.76,5.77,1.39,-796.49,1
1,0,0.07,2.52,8.07,698.64,1
1,0,-0.76,-5.24,39.95,-536.64,1
1,0,0.20,-9.87,-41.58,-721.94,1
0,1,-0.44,7.32,-88.98,973.78,1
0,1,0.77,3.97,-53.93,902.14,1
0,1,0.35,-4.09,95.22,447.52,1
0,1,0.31,-0.98,46.08,90.78,1
0,1,0.77,5.28,-6.56,682.15,1
0,1,0.73,2.27,62.20,-451.88,1
0,1,0.75,-6.14,-61.60,-438.34,1
0,1,-0.00,9.26,-70.00,908.31,1
0,1,-0.10,-3.13,60.67,-943.91,1
0,1,0.97,8.82,-47.47,-404.47,1
0,1,-0.04,-1.95,68.94,627.23,1
0,1,-0.44,-8.87,31.80,-184.74,1
0,1,-0.33,-3.10,8.02,-250.11,1
0,1,0.10,-9.05,-14.64,-226.57,1
0,1,0.62,2.34,66.10,916.16,1
0,1,0.12,-8.84,-9.84,-796.14,1
0,1,0.01,-1.22,-8.39,710.80,1
0,1,0.35,-1.34,64.83,722.42,1
0,1,-0.25,-1.95,-97.54,-128.27,1
0,1,0.95,3.55,-51.88,488.64,1
0,1,-0.57,-2.43,69.20,90.11,1
0,1,0.11,8.58,10.07,800.32,1
0,1,-0.33,-5.18,-38.92,456.07,1
0,1,0.78,-2.08,-80.49,598.01,1
0,1,-0.42,7.49,74.88,378.18,1
0,1,-0.01,-5.82,67.38,891.82,1
0,1,0.90,1.02,-4.88,-115.40,1
0,1,0.22,-4.51,-56.50,50.28,1
0,1,-0.75,-4.35,-84.04,-659.04,1
0,1,-0.68,3.37,-78.97,165.19,1
0,1,-0.39,7.92,50.50,150.30,1
0,1,0.67,-9.82,16.27,-421.85,1
0,1,-0.85,5.99,-18.84,-541.11,1
0,1,-0.68,-3.08,-72.05,-443.83,1
0,1,-0.92,0.94,-68.83,610.26,1
0,1,0.05,7.10,49.37,604.76,1
0,1,0.57,-3.75,-55.47,-335.70,1
0,1,-0.04,-3.43,-64.33,172.63,1
0,1,0.50,-5.74,-16.95,-284.81,1
0,1,-0.16,-6.82,7.52,961.46,1
0,1,0.91,2.55,-33.87,947.86,1
0,1,-0.38,-5.29,-26.49,753.88,1
0,1,0.96,-5.14,-38.53,933.71,1
0,1,-0.52,7.68,28.69,174.24,1
0,1,0.28,2.26,-53.21,431.65,1
0,1,0.02,0.18,24.45,782.77,1
0,1,0.05,1.82,31.79,-644.90,1
0,1,-0.24,2.48,-60.55,480.82,1
0,1,0.79,3.94,-17.05,-94.00,1
0,1,-0.63,-4.19,43.37,22.91,1
0,1,-0.32,4.74,6.90,707.44,1
0,1,0.64,1.03,-71.67,-545.89,1
0,1,0.52,8.66,-42.66,742.96,1
0,1,-0.05,7.05,67.17,-909.54,1
0,1,0.13,-8.88,-63.35,472.99,1
0,1,-0.92,9.37,41.99,-105.01,1
0,1,-0.53,-4.16,83.48,566.96,1
0,1,0.58,1.71,19.43,140.65,1
0,1,-0.47,7.56,92.72,450.59,1
0,1,0.13,-7.77,82.77,-735.13,1
0,1,-0.22,7.40,68.32,-606.48,1
0,1,0.14,3.79,51.76,50.21,1
0,1,0.36,-0.39,77.74,197.55,1
0,1,-0.83,-7.76,-69.98,661.25,1
0,1,0.62,-9.74,-85.22,-25.18,1
0,1,0.15,-0.84,-53.05,504.49,1
0,1,-0.24,-3.48,34.46,-698.48,1
0,1,-0.10,0.10,-75.70,-699.29,1
0,1,0.20,-1.85,8.33,-651.63,1
0,1,0.28,9.04,-67.33,955.74,1
0,1,-0.47,3.03,81.78,429.69,1
0,1,0.90,7.31,45.99,-513.62,1
0,1,-0.55,-7.32,12.02,830.67,1
0,1,0.51,-7.27,-44.94,-589.32,1
0,1,0.94,-5.54,-18.95,-430.09,1
0,1,-0.02,9.74,10.44,-632.98,1
0,1,0.38,1.27,15.90,30.22,1
0,1,0.23,3.69,55.82,-319.73,1
0,1,-0.44,0.66,42.28,-408.50,1
0,1,0.06,2.67,12.42,363.42,1
0,1,0.38,-6.95,83.90,983.66,1
0,1,0.76,8.93,34.51,-855.05,1
0,1,-0.57,-5.15,15.20,30.26,1
0,1,-0.71,-4.68,43.79,522.19,1
0,1,-0.32,-2.22,-48.38,-954.50,1
0,1,0.17,7.47,45.46,-752.15,1
0,1,0.06,-7.39,-83.27,195.27,1
0,1,-0.60,-1.79,-51.46,-197.47,1
0,1,-0.22,-7.14,-36.05,825.01,1
0,1,-0.67,0.26,-77.87,-19.24,1
0,1,0.53,-0.59,62.97,859.90,1
0,1,-0.21,-2.87,34.76,-15.83,1
0,1,0.09,6.86,35.56,141.76,1
0,1,-0.53,-5.82,50.89,-911.99,1
0,1,-0.58,7.80,36.52,-20.69,1
0,1,-0.77,-3.14,88.74,669.89,1
0,1,0.85,-0.27,61.16,166.80,1
0,1,0.41,-8.67,16.67,-747.50,1
0,1,-0.97,7.17,73.86,6.67,1
0,1,-0.97,3.83,-35.36,340.77,1
0,1,0.56,9.30,-7.35,800.03,1
0,1,0.93,-2.14,-71.63,-580.88,1
0,1,-0.09,-1.18,-43.83,503.24,1
0,1,-0.38,-4.75,-32.41,537.13,1
0,1,-0.27,-3.03,-13.99,-667.31,1
0,1,-0.70,-5.98,-29.20,-417.37,1
0,1,-0.69,-0.78,-18.54,9.73,1
0,1,0.32,-3.27,70.96,733.70,1
0,1,-0.76,-2.05,-4.15,561.13,1
0,1,-0.59,-0.28,49.37,137.62,1
0,1,0.38,-1.06,-98.45,-503.41,1
0,1,0.61,-1.43,72.11,350.05,1
0,1,0.57,-0.93,82.14,703.20,1
0,1,-0.03,-2.99,-13.36,-82.73,1
0,1,0.80,7.27,27.06,944.71,1
0,1,-0.13,7.36,80.19,421.41,1
0,1,-0.59,0.91,45.38,-121.05,1
0,1,0.50,-1.38,2.51,-805.85,1
0,1,0.58,7.15,2.55,-259.29,1
0,1,0.54,3.72,21.24,-609.87,1
0,1,-0.10,4.54,-12.27,847.63,1
0,1,-0.67,-5.54,-86.23,831.78,1
0,1,-0.88,-1.28,-18.80,254.20,1
0,1,-0.46,-2.36,-55.89,329.15,1
0,1,-0.41,3.43,52.81,753.36,1
0,1,-0.85,4.87,-23.57,288.34,1
0,1,0.27,5.53,-73.79,-132.14,1
0,1,-0.11,3.54,5.01,679.99,1
0,1,0.28,5.46,-90.19,84.32,1
0,1,0.61,7.31,-27.31,-459.84,1
0,1,0.11,-4.25,41.75,-853.30,1
0,1,-0.57,4.86,-44.96,-149.16,1
0,1,-0.59,-0.43,56.56,-578.83,1
0,1,-0.70,5.50,27.54,380.72,1
0,1,0.03,-4.71,33.53,-931.44,1
0,1,0.95,-5.68,-89.74,-151.68,1
0,1,0.10,6.16,48.61,677.58,1
0,1,0.10,-0.88,-22.86,895.87,1
0,1,0.11,3.40,46.45,338.35,1
0,1,0.73,-8.15,-82.65,717.70,1
0,1,-0.44,-1.35,65.14,-104.55,1
0,1,0.24,-6.01,82.27,613.16,1
0,1,0.63,-8.33,79.02,-172.93,1
0,1,-0.70,-5.13,26.50,487.52,1
0,1,0.53,6.93,0.33,-176.44,1
0,1,-0.32,6.85,-92.78,430.25,1
0,1,-0.28,1.92,-83.13,-60.99,1
0,1,0.79,-5.45,-38.44,-415.13,1
0,1,0.37,1.19,-62.30,-452.73,1
0,1,-0.48,9.69,-69.89,7.58,1
0,1,0.46,9.14,-77.80,-807.29,1
0,1,-0.28,-4.65,86.68,814.09,1
0,1,-0.36,3.83,-52.21,-973.61,1
0,1,-0.54,2.39,-83.12,-119.37,1
0,1,-0.48,-3.23,94.98,243.55,1
0,1,0.02,3.34,-72.12,953.84,1
0,1,0.95,-6.20,-73.55,221.51,1
0,1,-0.07,-9.17,-47.99,599.13,1
0,1,-0.30,3.81,-24.82,-826.03,1
0,1,-0.31,2.29,-39.38,-342.81,1
0,1,0.88,9.67,-42.61,-913.78,1
0,1,-0.95,9.90,22.71,519.69,1
0,1,-0.75,-9.54,-60.34,632.41,1
0,1,0.50,-2.14,-87.30,-707.64,1
0,1,0.13,-7.47,86.36,-140.43,1
0,1,0.69,-9.47,39.15,946.08,1
0,1,0.88,-4.74,92.77,995.38,1
0,1,-0.74,-6.17,96.98,722.10,1
0,1,-0.35,8.06,-74.55,60.75,1
0,1,0.64,-2.97,-66.99,-766.91,1
0,1,0.67,3.60,25.83,960.10,1
0,1,0.38,-0.86,68.16,748.55,1
0,1,0.09,4.76,-0.05,-19.09,1
0,1,0.74,0.86,-18.00,-684.26,1
0,1,-0.75,-3.02,-25.97,265.32,1
0,1,-0.25,-7.74,34.55,180.41,1
0,1,-0.44,-6.47,3.45,-935.74,1
0,1,-0.36,-1.89,-90.79,-833.33,1
0,1,0.43,4.37,59.71,-545.97,1
0,1,-0.22,-7.79,88.59,246.59,1
0,1,-0.88,6.42,-14.59,-20.67,1
0,1,0.84,-0.68,96.02,777.55,1
0,1,-0.96,-3.83,-22.09,-302.05,1
0,1,0.18,-5.79,-44.88,194.56,1
0,1,0.59,3.81,-48.86,47.94,1
0,1,-0.75,-3.82,33.99,-614.19,1
0,1,0.16,1.66,38.40,495.34,1
0,1,0.45,7.05,1.08,847.41,1
0,1,0.76,-6.72,-32.18,-496.91,1
0,1,0.91,2.34,19.33,713.03,1
0,1,0.78,6.35,-94.75,-600.36,1
0,1,0.88,4.97,58.91,-250.62,1
0,1,-0.55,-7.22,51.57,-993.08,1
0,1,-0.45,-5.93,-27.83,828.00,1
0,1,0.19,-9.15,-17.98,-598.52,1
0,1,0.25,5.39,-58.49,-220.67,1
0,1,-0.97,-9.47,-29.39,57.04,1
0,1,-0.62,-7.21,67.02,-606.82,1
0,1,1.00,-9.84,-31.85,-579.59,1
0,1,-0.31,4.77,-34.36,281.43,1
0,1,-0.72,2.00,-21.96,-762.25,1
0,1,-0.05,-7.68,-27.75,839.52,1
0,1,-0.77,5.30,-43.30,-843.41,1
0,1,-0.60,8.09,74.36,744.62,1
0,1,0.48,-6.12,-18.64,-167.22,1
0,1,0.24,-0.57,-15.96,-309.33,1
0,1,0.21,-9.49,-12.44,-977.01,1
0,1,-0.70,9.43,29.69,570.43,1
0,1,0.84,8.23,-72.52,853.64,1
0,1,-0.65,8.40,16.84,-307.28,1
0,1,0.77,5.43,-67.24,-675.45,1
0,1,0.73,1.08,25.00,168.08,1
0,1,-0.27,-9.19,32.02,728.88,1
0,1,-0.78,-6.70,-81.43,-695.18,1
0,1,0.07,-2.03,-56.01,-575.08,1
0,1,0.09,7.05,59.51,-281.51,1
0,1,-0.47,-1.70,25.60,-810.22,1
0,1,-0.88,8.88,-97.50,-518.45,1
0,1,-0.08,0.10,12.82,-380.35,1
0,1,0.22,1.87,-10.28,-480.01,1
0,1,0.16,8.74,58.50,901.33,1
0,1,0.86,-0.21,-8.60,-676.28,1
0,1,-0.13,-0.44,93.85,-400.12,1
0,1,0.34,-7.27,-91.55,-660.76,1
0,1,-0.32,4.10,35.41,710.10,1
0,1,-0.12,6.67,-64.62,-499.17,1
0,1,-0.34,8.76,34.52,-344.96,1
0,1,0.39,2.33,-62.27,-750.12,1
0,1,0.47,-3.83,-36.95,-938.97,1
0,1,-0.66,4.93,-99.69,-146.18,1
0,1,-0.92,-5.43,37.44,497.38,1
0,1,0.05,-6.32,-3.37,-674.58,1
0,1,0.32,2.62,-18.88,468.20,1
0,1,-0.69,-8.18,-14.55,537.29,1
1,0,0.96,1.09,37.76,-489.31,1
1,0,-0.39,-2.12,53.20,664.32,1
1,0,-0.41,-3.81,-69.05,-425.16,1
1,0,0.46,0.05,-60.43,-961.35,1
1,0,0.07,-1.89,-39.11,85.58,1
1,0,-0.57,9.78,-14.07,-872.54,1
1,0,-0.46,3.76,80.94,-827.04,1
1,0,-0.35,9.53,17.52,5.57,1
1,0,0.29,-5.58,-80.18,89.45,1
1,0,0.68,0.34,31.91,274.20,1
1,0,0.70,-6.83,-56.27,989.71,1
1,0,-0.35,-0.66,45.24,915.96,1
1,0,0.73,7.58,-14.68,-475.13,1
1,0,0.92,-1.58,-17.86,-53.23,1
1,0,-0.75,-8.91,-5.93,-503.71,1
1,0,-0.41,-1.84,-2.36,-910.41,1
1,0,-0.44,4.49,-96.82,-199.32,1
1,0,-0.80,2.15,23.39,74.10,1
1,0,-0.88,1.81,54.53,-280.94,1
1,0,-0.31,2.84,11.76,435.60,1
1,0,0.57,5.21,-47.79,12.71,1
1,0,0.41,2.55,-75.61,397.39,1
1,0,0.15,0.85,-27.42,-438.10,1
1,0,0.27,0.44,-73.12,-883.11,1
1,0,0.40,-5.74,-68.93,-293.88,1
1,0,0.04,-4.38,-96.94,227.98,1
1,0,-0.36,-9.14,60.80,-16.38,1
1,0,0.17,3.98,-11.22,197.86,1
1,0,-0.50,0.62,-10.78,-26.38,1
1,0,0.49,0.38,78.19,166.53,1
1,0,-0.05,7.19,-61.06,413.79,1
1,0,-0.61,9.51,-16.78,-124.70,1
1,0,0.73,5.19,-12.92,558.36,1
1,0,-0.95,-1.67,82.77,437.42,1
1,0,-0.75,9.91,-33.88,-960.53,1
1,0,-0.06,-8.48,-58.94,-143.76,1
1,0,-0.10,6.33,7.55,105.22,1
1,0,0.49,-2.55,68.31,834.28,1
1,0,-0.46,9.49,-51.06,-640.48,1
1,0,0.48,9.20,-66.99,21.76,1
1,0,0.58,-1.95,-9.09,-544.80,1
1,0,0.28,-5.21,-66.00,987.81,1
1,0,0.79,6.90,-13.28,589.23,1
1,0,0.84,-2.97,30.20,447.37,1
1,0,0.04,0.39,37.37,-477.30,1
1,0,-0.21,4.94,69.60,-465.64,1
1,0,-0.52,5.65,85.52,760.55,1
1,0,0.17,5.97,4.31,-37.63,1
1,0,-0.15,-0.61,-12.39,9.22,1
1,0,0.73,-3.23,-97.90,-66.40,1
1,0,-0.02,-2.87,55.40,991.19,1
1,0,-0.00,5.98,46.97,-593.34,1
1,0,0.78,8.99,65.69,851.37,1
1,0,0.82,5.19,14.37,-9.35,1
1,0,0.46,-1.92,14.49,399.48,1
1,0,-0.66,-3.72,-99.10,618.56,1
1,0,-0.45,-0.64,-67.33,-721.16,1
1,0,0.17,8.29,-95.09,901.48,1
1,0,0.81,-1.61,12.36,23.98,1
1,0,-0.79,-5.13,-39.63,646.21,1
1,0,0.21,-4.92,-88.39,42.29,1
1,0,-0.45,0.62,93.56,-29.71,1
1,0,-0.56,-2.59,49.31,533.46,1
1,0,-0.24,-5.32,89.86,-575.98,1
1,0,-0.68,6.47,-5.79,308.11,1
1,0,-0.65,2.41,-2.04,-509.87,1
1,0,-0.47,2.84,54.63,-951.76,1
1,0,-0.62,-7.48,47.62,357.11,1
1,0,-0.63,-2.10,77.00,470.45,1
1,0,-0.20,-5.23,-43.58,-353.48,1
1,0,-0.02,9.63,-33.80,-880.21,1
1,0,-0.42,-7.46,37.99,-593.52,1
1,0,0.60,-9.16,-50.83,-920.33,1
1,0,0.48,-7.64,-53.46,988.23,1
1,0,-0.05,6.80,99.90,96.53,1
1,0,0.26,3.59,64.96,382.38,1
1,0,-0.97,4.51,21.76,-87.26,1
1,0,0.82,6.41,-16.30,-797.51,1
1,0,0.94,4.41,-56.75,-0.76,1
1,0,-0.16,6.60,89.19,-435.58,1
1,0,-0.16,0.45,71.47,498.07,1
1,0,-0.49,-2.19,-54.39,-635.96,1
1,0,-0.65,6.96,50.54,-265.98,1
1,0,0.53,5.43,12.03,-685.38,1
1,0,0.59,6.32,-53.35,-13.22,1
1,0,0.53,-5.34,-6.98,679.05,1
1,0,0.02,7.15,83.57,-362.73,1
1,0,0.24,0.23,-15.43,891.90,1
1,0,0.36,-4.49,-98.85,-73.49,1
1,0,-0.86,6.06,60.75,143.14,1
1,0,-0.74,7.98,-22.29,-411.55,1
1,0,-0.04,5.38,-51.37,-746.38,1
1,0,-0.02,0.14,-7.95,-59.96,1
1,0,-0.97,-6.09,92.98,653.42,1
1,0,-0.61,-5.18,-95.27,317.21,1
1,0,0.84,-1.74,33.98,432.83,1
1,0,-0.48,3.05,59.97,-567.54,1
1,0,-0.51,8.07,56.01,-352.35,1
1,0,0.48,1.88,-16.73,-309.84,1
1,0,0.59,1.18,86.57,-159.39,1
1,0,-0.79,-4.52,-35.42,-202.03,1
1,0,-0.14,3.86,91.04,275.15,1
1,0,-0.16,-5.63,67.08,552.39,1
1,0,0.52,7.24,-96.37,-984.01,1
1,0,-0.11,-1.71,-29.20,76.93,1
1,0,-0.91,1.39,-78.52,-664.17,1
1,0,0.20,-7.30,-33.10,-331.64,1
1,0,0.57,1.22,-99.05,281.06,1
1,0,0.47,-2.68,42.44,356.96,1
1,0,-0.45,-1.03,-55.91,-451.36,1
1,0,0.26,-6.10,-48.19,627.71,1
1,0,-0.25,-8.61,72.81,-742.43,1
1,0,-0.39,-9.06,-46.15,201.21,1
1,0,-0.46,-2.50,18.62,633.30,1
1,0,-0.45,-8.94,-36.30,645.34,1
1,0,-0.33,0.10,96.56,-817.05,1
1,0,0.80,-8.75,45.29,261.36,1
1,1,0.04,-4.17,-90.02,-27.27,0
1,1,0.41,-5.79,-78.33,855.42,0
1,1,-0.37,3.11,-76.13,-374.69,0
1,1,0.67,7.73,-53.86,861.91,0
1,1,0.16,1.10,-16.42,-959.28,0
1,1,0.48,-0.29,-33.46,45.39,0
1,1,0.74,0.25,46.31,649.88,0
1,1,-0.28,-5.70,14.98,-103.58,0
1,1,0.16,-4.77,26.40,26.73,0
1,1,0.92,6.94,-34.80,-424.89,0
1,1,0.59,-8.44,28.52,-167.92,0
1,1,-0.15,-3.93,-63.81,-391.66,0
1,1,-0.91,0.08,-29.92,-531.93,0
1,1,-0.80,-9.14,-58.44,-657.02,0
1,1,0.96,-3.15,98.22,550.64,0
1,1,0.87,9.70,91.51,-591.20,0
1,1,0.53,-4.70,-62.57,-683.18,0
1,1,-0.83,-4.61,90.72,176.13,0
1,1,-0.47,4.31,-89.55,-199.22,0
1,1,-0.68,-3.43,3.49,-115.91,0
1,1,0.25,-4.03,78.21,297.29,0
1,1,-0.49,-2.55,95.30,472.05,0
1,1,0.36,-1.63,-78.41,-498.94,0
1,1,0.24,0.35,35.28,-465.85,0
1,1,0.61,1.15,-38.96,-598.24,0
1,1,0.14,-4.74,-26.92,-758.68,0
1,1,0.36,-9.43,-59.04,510.21,0
1,1,-0.71,-4.76,-83.08,927.18,0
1,1,0.14,-8.61,-57.31,-724.06,0
1,1,-0.34,1.32,28.51,-87.74,0
1,1,0.26,-4.37,97.44,-128.70,0
1,1,-0.06,-6.20,-48.93,-158.74,0
1,1,0.87,-2.92,-41.74,84.27,0
1,1,-0.85,-3.74,-66.34,-967.40,0
1,1,0.16,-2.77,44.05,785.42,0
1,1,0.60,-2.04,33.05,538.30,0
1,1,0.40,-5.07,-39.89,893.81,0
1,1,0.24,9.44,3.50,440.16,0
1,1,0.12,4.82,-96.96,-590.79,0
1,1,-0.79,2.77,86.20,274.86,0
1,1,-0.94,-6.39,-30.70,406.28,0
1,1,0.05,4.38,26.06,-491.69,0
1,1,-0.60,-3.71,-19.92,-672.75,0
1,1,0.40,3.89,73.80,32.42,0
1,1,-0.59,-9.12,67.33,-1.80,0
1,1,-0.26,0.01,-17.79,-17.90,0
1,1,0.23,6.08,-71.76,-161.04,0
1,1,-0.66,2.44,-50.44,761.67,0
1,1,-0.57,8.11,93.87,598.02,0
1,1,0.27,9.67,-54.41,183.90,0
1,1,-0.52,2.65,-42.12,503.25,0
1,1,-0.98,-3.58,94.35,-343.19,0
1,1,0.02,-0.28,77.29,86.76,0
1,1,0.25,-6.40,25.67,986.16,0
1,1,-0.56,-2.69,-93.16,-358.48,0
1,1,-0.07,-2.98,78.51,383.26,0
1,1,0.37,5.16,-37.05,-327.18,0
1,1,-0.10,5.13,21.39,179.73,0
1,1,0.96,-7.27,-30.05,-997.07,0
1,1,-0.74,0.48,11.40,591.89,0
1,1,-0.20,5.19,37.25,-732.20,0
1,1,0.48,9.88,36.06,-457.97,0
1,1,-0.38,-5.60,83.77,-836.10,0
1,1,-0.20,-3.22,79.23,-312.09,0
1,1,0.35,-0.23,-42.17,-544.36,0
1,1,-0.58,3.78,48.38,924.36,0
1,1,-0.40,1.76,-86.98,196.24,0
1,1,0.13,2.73,75.44,-747.38,0
1,1,-0.30,-7.16,-94.20,-507.23,0
1,1,0.85,8.95,7.00,787.57,0
1,1,0.70,1.53,68.93,523.63,0
1,1,-0.60,-1.85,-82.53,-21.81,0
1,1,0.65,-5.30,41.52,139.78,0
1,1,-0.53,2.48,11.06,-122.45,0
1,1,-0.19,7.68,-55.95,-524.13,0
1,1,0.13,-2.46,98.25,-718.07,0
1,1,0.49,1.48,-5.63,-460.03,0
1,1,0.61,-8.30,-47.95,-202.87,0
1,1,0.38,2.76,-4.87,75.37,0
1,1,0.58,0.18,67.64,786.83,0
1,1,-0.46,-9.96,16.25,171.17,0
1,1,-0.43,7.52,77.97,214.23,0
1,1,-0.66,-8.67,-68.59,-405.76,0
1,1,0.44,3.28,-77.85,640.84,0
1,1,0.04,-1.99,-45.40,-76.05,0
1,1,0.19,-9.63,-32.30,490.01,0
1,1,0.57,8.13,-80.55,-971.27,0
1,1,0.15,-4.68,-87.43,468.72,0
1,1,0.06,-8.24,-73.81,-933.07,0
1,1,-0.94,9.20,17.53,955.90,0
1,1,-0.71,-4.12,73.87,-725.54,0
1,1,-0.38,1.26,-19.05,-443.12,0
1,1,0.37,8.00,71.78,796.73,0
1,1,0.92,2.72,-57.64,21.68,0
1,1,-0.75,8.50,45.20,-394.35,0
1,1,0.43,0.25,-61.16,661.84,0
1,1,-0.51,-7.07,-37.40,-417.29,0
1,1,-0.64,5.03,100.00,250.66,0
1,1,-0.77,4.31,-78.89,-967.97,0
1,1,-0.00,4.39,-95.16,747.56,0
1,1,-0.19,-6.76,-35.69,-275.90,0
1,1,-0.05,-5.03,97.29,735.06,0
1,1,0.13,-8.83,20.22,689.61,0
1,1,-0.55,-0.58,-49.49,-961.18,0
1,1,-0.87,1.34,69.79,543.59,0
1,1,-0.57,-6.38,-60.67,55.41,0
1,1,-0.21,-2.69,41.01,-230.26,0
1,1,0.13,-7.24,-44.38,-765.95,0
1,1,-0.91,-2.20,-77.91,-409.44,0
1,1,0.25,0.14,-32.68,-469.58,0
1,1,0.82,7.14,-95.45,-652.31,0
1,1,-0.53,-0.27,-4.57,285.64,0
1,1,-0.22,-2.18,-96.12,-388.38,0
1,1,-0.99,1.68,96.70,-599.33,0
1,1,0.59,3.15,-66.17,641.43,0
1,1,-0.51,-3.56,-16.04,208.49,0
1,1,-0.97,2.13,16.38,-851.19,0
1,1,0.22,8.93,45.13,-898.02,0
1,1,0.14,-3.91,1.96,-944.38,0
1,1,0.50,6.79,-59.86,950.68,0
1,1,0.92,3.21,-73.81,565.60,0
1,1,0.70,1.58,-5.29,-496.70,0
1,1,-0.36,1.01,87.11,794.19,0
1,1,0.12,-3.90,-85.37,-270.97,0
1,1,-0.04,2.41,-85.67,-868.87,0
1,1,-0.15,8.47,-5.98,180.33,0
1,1,-0.65,0.23,-62.23,92.25,0
1,1,-0.48,0.80,-74.25,-771.85,0
1,1,-0.38,7.69,-36.41,352.62,0
1,1,-0.10,-1.52,-24.48,-18.52,0
1,1,-0.62,5.00,-75.69,474.08,0
1,1,-0.32,2.15,-43.91,-41.76,0
1,1,0.13,5.89,29.78,-954.74,0
1,1,0.19,-6.74,24.09,-670.01,0
1,1,-0.50,-9.96,-74.13,-986.36,0
1,1,0.31,4.49,-75.60,955.17,0
1,1,0.69,-2.38,6.05,312.58,0
1,1,0.58,6.38,55.48,-812.59,0
1,1,0.58,-9.76,83.25,38.06,0
1,1,-0.94,4.71,-82.10,-842.71,0
1,1,-0.83,-6.56,18.25,-666.61,0
1,1,0.35,5.49,-55.12,-589.88,0
1,1,0.17,8.33,-18.28,52.57,0
1,1,0.62,-9.80,-85.15,812.77,0
1,1,-0.69,8.80,-96.04,-407.80,0
1,1,-0.78,-0.85,34.27,-971.60,0
1,1,-0.99,-1.24,33.93,-331.10,0
1,1,-0.20,7.74,52.91,-648.07,0
1,1,0.77,4.75,-34.57,-365.07,0
1,1,-0.73,-4.45,-68.34,877.89,0
1,1,-0.66,-0.34,-53.48,286.57,0
1,1,-0.60,-6.89,54.78,620.69,0
1,1,-0.01,2.03,-36.07,-534.68,0
1,1,-0.32,6.68,82.90,-854.92,0
1,1,0.38,9.43,35.88,126.51,0
1,1,0.28,0.95,-31.92,-302.18,0
1,1,0.89,-8.47,-61.47,382.33,0
1,1,-0.07,5.30,-99.88,-773.85,0
1,1,-0.54,-8.34,-25.90,982.30,0
1,1,0.09,-0.76,9.75,268.90,0
1,1,0.49,-5.53,69.54,837.42,0
1,1,0.24,-6.71,38.55,-74.50,0
1,1,0.89,4.79,46.43,-482.53,0
1,1,-0.20,-7.15,-48.15,-161.94,0
1,1,0.75,4.56,-88.12,-345.01,0
1,1,-0.67,9.16,31.20,-876.23,0
1,1,0.59,6.59,-20.04,837.78,0
1,1,-0.90,-9.10,55.93,-426.56,0
1,1,0.01,-0.40,-43.76,-58.64,0
1,1,-0.87,-4.51,40.67,-41.99,0
1,1,0.02,-5.73,40.18,-578.16,0
1,1,-0.49,2.28,-74.20,-502.57,0
1,1,0.53,-8.71,-2.58,931.37,0
1,1,-0.45,0.87,-55.40,-246.79,0
1,1,0.15,-6.37,-58.17,-245.50,0
1,1,-0.65,7.56,79.71,-551.23,0
1,1,0.34,-1.35,47.55,-966.82,0
1,1,0.64,-1.52,-91.15,569.38,0
1,1,0.78,2.10,33.30,794.01,0
1,1,0.18,5.42,7.11,251.22,0
1,1,-0.51,-3.98,41.78,418.34,0
1,1,-0.28,8.08,38.69,-534.51,0
1,1,0.22,-7.27,58.92,-536.32,0
1,1,0.26,-3.96,24.47,-711.71,0
1,1,0.59,7.66,-2.20,227.86,0
1,1,0.92,4.90,-21.84,-92.01,0
1,1,0.99,8.24,-1.57,-954.97,0
1,1,0.70,-7.20,52.75,488.71,0
1,1,0.88,-2.89,-92.07,8.39,0
1,1,0.82,-9.70,32.11,-738.23,0
1,1,-0.09,4.40,-16.17,-248.39,0
1,1,0.50,6.98,-87.44,-811.40,0
1,1,-0.86,6.68,41.03,527.30,0
1,1,-0.26,-4.82,-45.66,-405.57,0
1,1,-0.41,6.75,-67.60,-253.12,0
1,1,0.15,-0.19,-40.43,-481.16,0
1,1,-0.34,8.61,-54.56,-713.40,0
1,1,0.76,1.14,70.81,524.59,0
1,1,0.50,2.53,52.93,-596.34,0
1,1,0.37,7.13,-31.13,463.10,0
1,1,-0.15,-1.63,-2.08,-204.35,0
1,1,-0.40,5.96,-2.64,185.88,0
1,1,0.49,-1.34,51.03,-98.06,0
1,1,0.59,-5.94,35.51,113.82,0
1,1,0.48,5.17,-11.62,-44.92,0
1,1,0.57,-9.07,-94.02,978.85,0
1,1,-0.71,-5.09,18.86,614.75,0
1,1,0.36,9.39,3.92,-989.44,0
1,1,0.54,-1.92,-50.92,194.98,0
1,1,-0.18,6.64,88.00,626.65,0
1,1,0.89,-6.99,57.34,-310.21,0
1,1,-0.08,0.29,5.81,383.02,0
1,1,-0.87,0.73,-24.12,-136.06,0
1,1,0.18,-0.49,6.21,620.31,0
1,1,0.46,-5.13,94.10,365.71,0
1,1,0.30,-9.87,97.12,-414.04,0
1,1,-0.72,-7.11,75.85,667.36,0
1,1,0.59,0.95,-9.34,57.33,0
1,1,0.28,7.86,70.62,-745.63,0
1,1,0.62,2.29,65.61,432.57,0
1,1,0.74,-8.59,-87.07,-339.83,0
1,1,0.44,8.76,18.81,227.74,0
1,1,-0.98,8.61,-42.70,50.92,0
1,1,0.57,-9.91,69.17,-856.40,0
1,1,-0.87,0.46,-90.73,-756.79,0
1,1,0.59,1.62,-50.15,300.03,0
1,1,-0.55,-7.92,-60.00,692.40,0
1,1,-0.47,-8.71,-31.63,-838.51,0
1,1,0.82,-2.24,18.77,167.45,0
1,1,-0.50,4.97,-91.63,625.21,0
1,1,0.14,3.20,-18.96,-131.68,0
1,1,0.62,4.39,-62.09,485.39,0
1,1,0.10,3.56,-50.12,50.04,0
1,1,0.79,0.00,11.78,636.17,0
1,1,-0.20,8.27,-46.81,-353.35,0
1,1,-0.63,-5.94,57.96,33.74,0
1,1,0.62,5.71,54.53,-690.47,0
1,1,0.23,-4.75,21.34,150.61,0
1,1,0.72,-4.85,32.41,599.44,0
1,1,-0.42,9.86,-25.13,526.27,0
1,1,-0.40,-4.27,-74.36,-891.61,0
1,1,0.49,-5.13,3.91,-275.38,0
1,1,-0.81,3.05,52.80,-584.97,0
1,1,-0.33,-0.48,-22.79,-274.38,0
1,1,-0.71,-9.77,-41.78,-79.69,0
1,1,0.92,-7.71,93.09,491.41,0
1,1,0.59,-0.35,-90.88,748.41,0
1,1,-0.37,-7.79,-81.45,109.34,0
1,1,-0.85,1.85,14.18,-850.88,0
1,1,0.22,-6.71,-18.62,302.17,0
1,1,0.50,1.21,36.88,373.31,0
1,1,0.43,2.24,89.65,-291.91,0
1,1,-0.50,7.89,20.96,-297.94,0
1,1,0.71,8.36,5.05,-501.39,0
1,1,0.86,5.03,5.70,-209.11,0
1,1,0.85,9.93,-89.46,855.02,0
1,1,0.86,-6.96,19.63,218.37,0
1,1,0.34,8.84,77.33,99.78,0
1,1,-0.87,-9.24,85.90,-561.51,0
1,1,-0.36,9.95,35.77,944.18,0
1,1,0.16,-4.09,-88.38,549.24,0
1,1,-0.01,-6.19,-26.43,226.40,0
1,1,0.45,5.59,19.22,998.60,0
1,1,-0.11,-0.76,61.32,-546.65,0
1,1,-0.14,-6.60,-14.60,141.68,0
1,1,0.83,1.15,21.47,181.54,0
1,1,0.41,-4.03,-52.18,514.87,0
1,1,-0.97,2.81,-21.55,162.40,0
1,1,-0.08,-4.53,63.68,-850.52,0
1,1,-0.62,1.36,5.46,538.65,0
1,1,-0.57,-2.79,30.35,482.46,0
1,1,0.71,-6.34,12.97,-380.49,0
1,1,-0.77,-1.40,-6.94,6.04,0
1,1,0.26,9.95,92.89,254.27,0
1,1,-0.17,2.23,32.53,-373.79,0
1,1,-0.32,7.16,-3.57,11.56,0
1,1,-0.27,-3.01,-70.90,998.66,0
1,1,0.85,9.58,7.80,111.81,0
1,1,-0.37,-0.01,-45.80,744.53,0
1,1,0.98,8.94,-37.73,-783.18,0
1,1,0.48,-8.47,81.99,-540.45,0
1,1,-0.95,-6.24,-9.10,-789.88,0
1,1,-0.83,-9.36,71.87,93.62,0
1,1,0.02,5.64,-62.56,615.31,0
1,1,-0.41,-0.34,65.98,269.90,0
1,1,-0.16,7.22,79.18,621.94,0
1,1,0.07,1.74,-14.52,558.57,0
1,1,0.59,7.53,76.37,539.43,0
1,1,0.61,-9.34,35.79,876.18,0
1,1,-0.05,-3.22,46.51,-489.35,0
1,1,-0.46,0.15,15.74,945.67,0
1,1,0.75,-2.27,-65.13,689.15,0
1,1,-0.69,1.74,76.79,-975.93,0
1,1,-0.42,-0.05,50.05,344.49,0
1,1,0.20,0.37,-25.14,958.02,0
1,1,0.01,1.05,47.52,725.26,0
1,1,0.47,-0.21,91.71,948.51,0
1,1,-0.50,5.89,66.38,191.30,0
1,1,0.91,2.58,-58.45,-537.32,0
1,1,0.30,-8.28,-71.15,205.94,0
1,1,-0.52,0.97,-30.56,-864.93,0
1,1,0.45,9.37,-76.60,748.17,0
1,1,0.36,-6.85,77.51,180.52,0
1,1,-0.14,-8.52,-70.17,780.69,0
1,1,0.17,0.40,67.78,271.89,0
1,1,-0.57,4.79,70.37,-153.42,0
1,1,0.14,6.52,93.06,-681.64,0
1,1,0.47,5.28,29.00,-302.59,0
1,1,0.56,6.14,48.68,438.46,0
1,1,0.97,3.23,-53.94,925.56,0
1,1,-0.84,7.78,-42.03,-188.01,0
1,1,0.66,-2.99,87.94,-797.60,0
1,1,-0.20,-4.03,-83.53,-166.43,0
1,1,-0.48,4.72,8.25,593.61,0
1,1,-0.35,9.88,0.61,417.15,0
1,1,-0.17,6.51,-8.37,967.16,0
1,1,-0.54,-3.43,-41.28,171.25,0
1,1,0.27,-5.04,8.51,-769.71,0
1,1,0.57,2.13,77.74,964.58,0
1,1,-0.45,-3.30,37.85,662.91,0
1,1,0.12,-2.81,20.82,93.55,0
1,1,0.67,2.48,66.83,210.88,0
1,1,-0.06,-4.46,93.60,105.43,0
1,1,0.79,-6.82,86.80,-178.64,0
1,1,-0.68,9.57,59.02,-33.77,0
1,1,0.27,3.22,84.03,-794.38,0
1,1,0.85,-2.64,66.12,-979.35,0
1,1,-0.89,8.48,-82.60,666.40,0
1,1,0.52,-1.34,-14.70,-831.90,0
1,1,-0.34,2.89,84.96,-244.00,0
1,1,-0.35,-2.37,-41.30,-347.09,0
1,1,-0.16,6.95,-54.18,754.77,0
1,1,0.58,4.20,-36.63,-681.45,0
1,1,0.50,8.21,-90.05,400.39,0
1,1,-0.74,2.13,71.58,752.79,0
1,1,0.16,-9.74,-25.98,226.63,0
1,1,-0.86,3.89,50.71,-582.89,0
1,1,-0.99,5.75,67.82,-289.42,0
1,1,0.81,4.44,-54.90,-678.86,0
1,1,0.01,8.36,31.03,-852.33,0
1,1,0.78,4.42,-54.55,-214.78,0
1,1,0.32,-4.73,13.95,-648.98,0
1,1,-0.34,-0.25,76.68,792.69,0
1,1,-0.30,-4.47,29.80,-279.78,0
1,1,0.40,-5.68,65.17,-330.01,0
1,1,0.32,-8.35,-93.43,97.03,0
1,1,0.35,-6.59,73.63,929.91,0
1,1,0.50,-3.21,20.90,-64.14,0
1,1,0.82,-6.46,90.46,924.65,0
1,1,-0.18,-4.62,31.56,670.21,0
1,1,0.57,4.03,-25.23,-21.52,0
1,1,0.37,4.99,-65.03,281.68,0
1,1,-0.96,-9.74,-1.25,-24.19,0
1,1,0.26,-8.23,0.74,-288.42,0
1,1,-0.46,5.78,-60.30,780.81,0
1,1,-0.88,1.89,-2.13,-256.73,0
1,1,-0.98,9.90,-26.34,-538.81,0
1,1,-0.30,-4.04,39.87,707.09,0
1,1,0.58,-3.37,66.54,-441.08,0
1,1,0.22,-5.99,-26.55,-596.30,0
1,1,0.66,-6.11,-98.64,-872.26,0
1,1,-0.16,7.96,-47.18,861.85,0
1,1,-0.62,6.91,-86.77,-221.74,0
1,1,-0.04,-1.52,-9.81,755.95,0
1,1,-0.24,1.57,-16.59,334.58,0
1,1,-0.85,-5.25,-29.91,819.60,0
1,1,-0.80,-1.64,-7.17,26.75,0
1,1,0.36,-5.40,-99.73,687.59,0
1,1,0.43,0.77,-76.67,-329.78,0
1,1,-0.56,-4.96,-61.98,-722.63,0
1,1,-0.68,5.45,42.16,354.22,0
1,1,-0.59,3.87,62.07,432.88,0
1,1,0.84,4.67,-37.24,-727.40,0
1,1,-0.17,-3.45,-78.95,223.28,0
1,1,-0.47,6.48,74.94,708.32,0
1,1,0.59,6.25,-35.29,-793.05,0
1,1,0.71,9.13,24.85,932.19,0
1,1,-0.05,6.33,-5.60,-856.79,0
1,1,-0.74,8.43,-69.81,-150.82,0
1,1,-0.09,8.62,-73.20,36.15,0
1,1,0.63,-9.12,69.67,-962.97,0
1,1,0.90,4.34,-70.69,998.39,0
1,1,-0.26,9.42,7.40,668.45,0
1,1,0.15,3.02,74.20,574.55,0
1,1,0.28,-6.18,-92.14,-534.89,0
1,1,-0.58,8.28,60.81,317.35,0
1,1,-0.67,0.33,51.64,-831.32,0
1,1,-0.79,7.95,-56.73,-264.22,0
1,1,0.06,7.48,85.57,-597.52,0
1,1,-0.52,8.64,74.66,-92.45,0
1,1,-0.57,1.45,74.27,296.98,0
1,1,-0.08,9.35,-32.26,-111.50,0
1,1,-0.31,8.65,53.06,-857.41,0
1,1,-0.76,-6.09,-79.22,512.75,0
1,1,-0.17,8.37,-98.72,-673.08,0
1,1,0.19,0.15,88.12,-939.15,0
1,1,0.58,4.64,32.60,553.85,0
1,1,-0.76,0.03,49.87,420.62,0
1,1,0.64,3.15,-64.96,34.01,0
1,1,-0.71,6.46,41.69,306.89,0
1,1,-0.66,1.86,5.81,-24.79,0
1,1,0.59,-9.65,-19.47,81.09,0
1,1,-0.40,-5.26,-5.72,426.63,0
1,1,-0.17,-7.64,70.28,133.38,0
1,1,-0.89,-6.21,80.79,-406.17,0
1,1,0.91,-1.56,-56.00,-893.44,0
1,1,-0.24,1.11,-69.36,-168.76,0
1,1,0.52,-8.77,7.42,-962.72,0
1,1,0.84,-6.15,93.19,142.39,0
1,1,0.65,8.35,84.84,757.42,0
1,1,0.55,-6.66,46.11,-906.70,0
1,1,-0.04,3.51,86.13,261.98,0
1,1,0.60,-0.40,-33.23,875.95,0
1,1,-0.63,-1.22,76.17,408.13,0
1,1,-0.69,2.65,28.92,42.61,0
1,1,-0.84,5.44,35.85,-44.98,0
1,1,0.65,-7.54,13.22,-693.31,0
1,1,0.47,9.83,-51.83,-16.93,0
1,1,-0.88,-1.26,-42.28,39.72,0
1,1,0.82,-1.49,-65.65,-394.56,0
1,1,0.21,6.08,-10.90,-298.94,0
1,1,-0.18,7.43,-99.09,-664.63,0
1,1,0.43,9.53,-90.49,-955.78,0
1,1,-0.62,7.04,96.35,154.28,0
1,1,-0.56,-5.78,84.60,421.85,0
1,1,-0.44,2.94,59.44,674.65,0
1,1,0.22,-7.52,-73.75,-574.20,0
1,1,-0.69,-8.58,5.19,-768.40,0
1,1,0.43,-4.04,43.36,-458.68,0
1,1,0.39,-0.52,-54.16,-418.05,0
1,1,-0.59,0.19,-29.34,-338.39,0
1,1,-0.08,-7.81,-76.43,-419.11,0
1,1,0.20,-1.94,-45.44,761.38,0
1,1,-0.66,-2.49,63.14,-946.38,0
1,1,0.63,4.87,35.10,456.81,0
1,1,0.12,7.13,33.20,170.15,0
1,1,-0.23,-9.65,3.09,-308.88,0
1,1,-0.12,7.63,-12.86,-843.36,0
1,1,-0.49,-5.20,58.14,-317.68,0
1,1,-0.80,-3.64,74.08,234.32,0
1,1,-0.36,7.00,-26.61,292.07,0
1,1,-0.13,6.70,48.66,-486.55,0
1,1,-0.44,-6.00,-11.98,541.68,0
1,1,0.31,-7.02,-12.44,-258.02,0
1,1,-0.54,-4.75,-47.94,584.84,0
1,1,0.55,1.76,-1.31,524.81,0
1,1,-0.32,-4.53,10.65,34.25,0
1,1,0.45,-1.21,60.90,-569.65,0
1,1,-0.13,2.35,99.93,947.00,0
1,1,-0.19,7.23,57.82,668.55,0
1,1,0.11,-5.06,-33.99,-313.76,0
1,1,0.15,5.55,50.21,811.51,0
1,1,0.66,9.84,14.65,899.18,0
1,1,-0.76,3.00,51.48,-841.76,0
1,1,0.98,-1.44,48.23,-32.41,0
1,1,0.64,-5.18,28.41,891.98,0
1,1,-0.34,-1.60,65.75,337.44,0
1,1,-0.79,4.81,-57.67,488.63,0
1,1,-0.90,-9.05,-29.88,199.05,0
1,1,0.47,-3.43,-1.61,-202.78,0
1,1,-0.16,-3.94,40.44,-142.42,0
1,1,-0.80,4.68,49.89,-357.84,0
1,1,0.20,7.45,-99.00,-749.48,0
1,1,-0.85,-4.01,-97.88,-552.97,0
1,1,0.83,-6.83,97.10,-419.25,0
1,1,0.58,6.23,-96.46,-822.99,0
1,1,-0.11,9.66,-89.47,-105.96,0
1,1,-0.17,0.69,34.27,241.36,0
0,0,0.40,-3.04,-91.67,-15.89,0
0,0,-0.94,9.72,-40.31,323.11,0
0,0,0.30,-7.11,-55.12,-844.07,0
0,0,-0.62,-8.24,70.66,-686.71,0
0,0,0.62,-1.69,-15.82,-111.37,0
0,0,0.83,-5.10,-86.49,-546.89,0
0,0,0.89,4.77,-21.40,-733.31,0
0,0,0.64,-4.00,69.65,-82.35,0
0,0,-0.47,2.50,-10.63,360.87,0
0,0,-0.54,-4.86,49.29,-382.45,0
0,0,-0.03,-9.40,-80.55,841.51,0
0,0,-0.40,6.31,-35.26,367.80,0
0,0,0.91,-4.41,-10.52,-104.74,0
0,0,-0.79,-0.55,-80.53,832.24,0
0,0,0.33,1.68,78.79,-784.90,0
0,0,-0.18,-3.44,-20.39,443.97,0
0,0,-0.80,7.53,-24.23,360.87,0
0,0,-0.30,-3.39,-53.80,-392.73,0
0,0,-0.82,0.21,-23.79,585.98,0
0,0,0.82,-4.10,-25.64,-28.05,0
0,0,-0.62,8.10,36.66,508.08,0
0,0,-0.26,4.35,23.60,187.15,0
0,0,0.98,1.75,96.55,-99.57,0
0,0,-0.65,2.25,-80.13,944.60,0
0,0,0.93,5.41,-81.65,882.22,0
0,0,-0.78,8.00,96.06,275.80,0
0,0,0.63,-8.60,69.28,190.23,0
0,0,-0.97,9.65,-77.40,-867.29,0
0,0,-0.18,3.33,21.61,-772.89,0
0,0,0.59,-2.41,-27.63,136.20,0
0,0,-0.07,6.11,-59.25,-821.19,0
0,0,0.71,6.37,-24.23,770.86,0
0,0,-0.29,5.86,-27.05,-561.38,0
0,0,0.23,-9.13,85.11,-592.90,0
0,0,0.38,8.08,16.09,493.48,0
0,0,-0.07,1.44,8.23,-808.04,0
0,0,0.51,8.11,-18.91,79.31,0
0,0,0.84,-6.42,-18.02,685.46,0
0,0,-0.82,6.21,37.94,381.60,0
0,0,-0.41,-6.53,50.73,-95.28,0
0,0,0.23,-1.86,61.77,315.26,0
0,0,-0.69,-4.21,44.15,203.95,0
0,0,-0.26,0.81,83.43,992.93,0
0,0,0.63,0.36,82.18,-195.43,0
0,0,0.18,-5.60,-57.66,828.56,0
0,0,-0.80,-3.18,72.52,-713.98,0
0,0,-0.27,7.20,-63.05,-846.63,0
0,0,0.22,-6.74,27.60,-615.24,0
0,0,0.48,3.01,-12.47,-107.52,0
0,0,0.92,-9.95,-42.49,805.56,0
0,0,-0.58,-7.36,0.22,763.91,0
0,0,0.31,-0.01,-36.29,-556.34,0
0,0,0.49,6.57,-41.77,362.40,0
0,0,-0.33,4.79,79.78,705.01,0
0,0,0.27,6.67,17.02,259.40,0
0,0,-0.26,-5.29,79.39,-544.33,0
0,0,-0.01,-8.86,2.63,559.90,0
0,0,-0.44,6.89,-10.08,168.85,0
0,0,0.98,2.29,-4.16,-956.00,0
0,0,0.68,-6.50,25.88,-234.99,0
0,0,0.69,-3.14,-78.47,-623.64,0
0,0,0.05,-9.14,26.81,834.63,0
0,0,0.26,1.05,-44.20,-584.21,0
0,0,-0.97,-6.63,49.19,-439.65,0
0,0,-0.30,6.33,50.82,-881.68,0
0,0,-0.47,7.86,-15.73,744.27,0
0,0,0.19,8.86,49.48,103.30,0
0,0,-0.21,9.03,27.58,941.99,0
0,0,-0.31,-7.91,79.73,-402.61,0
0,0,0.51,-9.73,55.12,-59.71,0
0,0,-0.51,0.74,24.63,252.98,0
0,0,-0.66,-8.42,-71.82,-404.88,0
0,0,0.83,5.64,87.56,-466.15,0
0,0,0.93,-1.93,59.39,-850.69,0
0,0,0.17,-3.96,69.72,-465.06,0
0,0,0.50,5.15,33.01,-864.32,0
0,0,-0.38,-3.06,30.99,-421.23,0
0,0,0.86,0.76,61.14,836.61,0
0,0,0.62,-2.44,87.49,418.18,0
0,0,0.88,-0.83,-39.06,-311.57,0
0,0,-0.29,-8.64,-77.91,342.78,0
0,0,0.12,7.75,9.46,-540.26,0
0,0,-0.22,3.04,44.87,-648.37,0
0,0,0.36,-3.09,7.29,-606.53,0
0,0,-0.98,-2.61,70.74,-370.97,0
0,0,0.28,0.46,97.29,-458.90,0
0,0,-0.10,-2.00,92.61,521.10,0
0,0,-0.26,4.22,42.15,154.50,0
0,0,0.57,7.39,-4.55,-484.61,0
0,0,-0.06,8.78,-54.98,271.17,0
0,0,0.51,6.31,92.81,12.88,0
0,0,-0.77,-4.97,-80.85,-869.57,0
0,0,0.57,1.84,92.03,675.61,0
0,0,0.66,-8.85,-40.02,437.86,0
0,0,0.29,6.31,-7.12,-128.60,0
0,0,0.16,-0.26,61.55,756.07,0
0,0,0.39,-1.53,-17.89,0.64,0
0,0,-0.40,0.79,40.90,396.16,0
0,0,0.14,-8.29,-6.62,-928.32,0
0,0,0.63,7.16,60.84,-864.67,0
0,0,-0.58,1.98,38.31,-45.61,0
0,0,-0.95,-8.27,14.39,122.66,0
0,0,-0.08,-1.69,-87.12,-100.94,0
0,0,-0.45,3.58,0.78,-245.23,0
0,0,-0.90,-0.46,87.53,-294.31,0
0,0,0.60,-6.19,5.39,-796.46,0
0,0,0.84,-6.63,-80.95,-621.39,0
0,0,0.90,2.58,54.42,-942.98,0
0,0,-0.10,4.21,88.25,-211.14,0
0,0,0.05,-3.60,-38.00,-670.66,0
0,0,0.72,4.72,-90.38,-186.07,0
0,0,-0.26,6.15,-58.02,334.90,0
0,0,-0.91,-0.61,-73.15,658.37,0
0,0,-0.83,4.88,22.93,620.85,0
0,0,-0.23,2.18,-57.80,-660.17,0
0,0,0.08,-3.31,-71.75,-896.41,0
0,0,0.97,-7.97,-81.43,392.30,0
0,0,0.89,-5.88,3.36,-115.72,0
0,0,0.72,-1.51,-42.32,395.34,0
0,0,-0.89,2.45,-61.08,512.95,0
0,0,0.56,0.36,-60.40,-658.32,0
0,0,0.24,3.77,-69.18,-670.09,0
0,0,-0.47,-7.28,-62.71,702.29,0
0,0,-0.96,3.94,97.91,-531.80,0
0,0,-0.72,8.79,-96.08,107.62,0
0,0,-0.11,9.86,80.20,111.45,0
0,0,0.07,-5.88,-41.83,-664.98,0
0,0,0.34,6.26,81.64,-428.40,0
0,0,-0.52,0.92,98.40,412.70,0
0,0,0.49,-9.19,-83.91,311.77,0
0,0,-0.17,9.98,-28.67,-777.80,0
0,0,-0.30,9.29,6.88,624.40,0
0,0,0.00,-7.28,86.95,226.75,0
0,0,-0.47,-7.64,-20.40,-531.49,0
0,0,0.26,8.97,39.07,424.92,0
0,0,-0.95,-0.87,-66.27,927.29,0
0,0,0.58,-7.15,-5.42,590.07,0
0,0,0.08,9.79,-17.36,-320.50,0
0,0,0.58,0.49,26.38,151.41,0
0,0,-0.86,-3.53,61.10,608.08,0
0,0,0.18,1.17,-20.77,-937.25,0
0,0,-0.34,4.67,90.86,924.19,0
0,0,0.53,6.78,59.11,-921.61,0
0,0,-0.35,7.50,-11.70,-492.70,0
0,0,0.94,2.94,39.54,954.38,0
0,0,-0.08,-8.23,-22.83,700.47,0
0,0,-0.64,-9.75,-34.52,681.12,0
0,0,-0.94,2.72,-59.91,472.03,0
0,0,0.05,-6.94,-25.80,-221.32,0
0,0,-0.65,-2.25,14.26,699.10,0
0,0,-0.12,2.95,52.84,749.01,0
0,0,0.32,0.33,-24.38,748.75,0
0,0,-0.84,2.01,7.31,-438.48,0
0,0,-0.70,3.14,-25.66,346.08,0
0,0,-0.30,-1.56,-36.43,-536.64,0
0,0,0.22,-8.50,96.99,204.36,0
0,0,-0.53,4.37,4.21,-88.67,0
0,0,0.25,8.26,-92.99,-177.62,0
0,0,-0.53,3.74,-16.64,-426.28,0
0,0,0.33,-0.33,-27.94,-165.04,0
0,0,0.10,1.22,-29.70,-573.93,0
0,0,-0.57,3.06,7.16,-593.66,0
0,0,-0.80,-6.57,66.63,546.58,0
0,0,0.32,-5.56,-51.39,-362.62,0
0,0,-0.42,-7.25,-85.18,-333.64,0
0,0,-0.97,5.21,92.66,-488.45,0
0,0,-0.92,-9.33,27.28,790.28,0
0,0,-0.99,5.33,59.43,637.74,0
0,0,-0.32,-1.13,21.13,509.54,0
0,0,0.73,-8.93,30.35,-422.96,0
0,0,-0.24,1.41,-27.16,-627.48,0
0,0,-0.43,-4.11,17.97,-52.22,0
0,0,-0.04,-4.83,51.68,-380.94,0
0,0,-0.08,-1.39,-6.95,-853.74,0
0,0,-0.04,-7.06,-16.34,-4.78,0
0,0,0.64,5.38,-43.10,129.55,0
0,0,-0.68,-7.13,75.89,-90.52,0
0,0,-0.36,-2.60,59.16,-660.70,0
0,0,0.96,-6.25,23.68,508.65,0
0,0,-0.01,-1.91,11.58,195.86,0
0,0,0.19,5.93,-50.20,-369.01,0
0,0,0.21,-3.57,88.70,852.40,0
0,0,0.84,1.51,-72.01,-523.63,0
0,0,-0.01,4.43,-74.95,-848.33,0
0,0,-0.15,-2.54,-81.04,-334.42,0
0,0,0.65,1.09,-71.79,506.55,0
0,0,0.05,-4.23,2.46,939.11,0
0,0,0.49,-1.25,37.78,-184.89,0
0,0,0.47,7.68,36.58,-788.84,0
0,0,0.51,-9.48,-75.10,956.42,0
0,0,0.83,2.86,-0.95,974.36,0
0,0,0.16,9.96,57.68,-633.64,0
0,0,-0.67,4.26,46.31,-802.71,0
0,0,-0.75,1.01,45.14,-692.22,0
0,0,-0.52,3.20,-51.76,-669.01,0
0,0,-0.35,-5.03,50.68,-957.75,0
0,0,0.02,5.62,97.87,-680.94,0
0,0,-0.65,-9.67,-39.02,441.64,0
0,0,0.71,-4.83,66.00,-915.83,0
0,0,0.84,-4.01,-73.88,507.35,0
0,0,-0.07,-6.66,92.06,609.12,0
0,0,-0.45,2.84,49.58,89.40,0
0,0,0.72,-9.08,66.75,-45.89,0
0,0,-1.00,-6.76,-26.44,468.52,0
0,0,0.41,6.10,72.05,678.10,0
0,0,-0.51,-2.21,44.66,426.89,0
0,0,-0.42,-0.53,-67.63,913.18,0
0,0,0.56,-0.23,64.80,-307.03,0
0,0,0.83,3.82,-48.45,387.28,0
0,0,-0.22,5.70,-47.96,844.38,0
0,0,0.88,-8.30,-49.21,794.30,0
0,0,-0.83,-5.79,-95.78,-550.51,0
0,0,-0.05,3.98,14.70,580.83,0
0,0,0.38,-5.13,-70.08,-886.19,0
0,0,0.12,-7.32,-86.83,-265.16,0
0,0,0.66,-5.19,-97.55,-663.95,0
0,0,-0.01,5.86,-94.65,811.07,0
0,0,0.72,5.84,85.36,940.43,0
0,0,-0.03,1.14,95.03,-538.22,0
0,0,-0.31,-6.74,24.32,-503.38,0
0,0,-0.24,-7.07,-83.83,317.28,0
0,0,1.00,3.04,-56.80,480.57,0
0,0,-0.35,7.34,90.11,-926.87,0
0,0,0.50,4.69,60.87,-245.18,0
0,0,0.17,5.95,-8.08,-170.86,0
0,0,0.42,5.92,-27.08,-130.79,0
0,0,0.84,-7.21,-17.07,491.84,0
0,0,0.02,1.87,-52.71,3.68,0
0,0,-0.16,0.05,15.34,-145.28,0
0,0,0.36,7.07,40.65,18.34,0
0,0,0.95,4.51,29.57,988.16,0
0,0,0.68,-9.20,49.05,997.51,0
0,0,0.36,2.98,-2.59,-486.06,0
0,0,-0.46,3.37,62.44,187.57,0
0,0,0.41,-1.92,70.68,-866.28,0
0,0,0.77,-1.32,86.65,802.31,0
0,0,0.30,2.78,-43.95,512.56,0
0,0,-0.65,-1.30,-90.70,917.37,0
0,0,0.51,2.24,47.66,529.54,0
0,0,-0.45,-9.23,74.14,437.59,0
0,0,-0.34,9.18,16.54,-142.38,0
0,0,-0.88,-3.98,13.43,-28.84,0
0,0,-0.03,-0.93,69.67,-270.91,0
0,0,-0.31,-8.39,-46.83,-826.83,0
0,0,-0.43,-5.76,-28.25,-692.98,0
0,0,0.37,-7.85,-95.29,690.66,0
0,0,0.59,-6.26,-0.45,-997.75,0
0,0,-0.78,3.72,75.79,-71.41,0
0,0,0.08,-9.08,34.88,-529.21,0
0,0,0.50,-0.86,22.33,-935.80,0
0,0,0.37,-6.00,87.85,108.64,0
0,0,0.07,-4.59,30.75,-989.99,0
0,0,0.52,0.07,-1.48,248.88,0
0,0,-0.01,4.08,43.24,-296.30,0
0,0,-0.31,1.47,-57.25,936.46,0
0,0,-0.28,-1.91,47.21,-624.22,0
0,0,0.40,3.56,-13.67,-825.13,0
0,0,0.12,-9.80,-53.81,756.16,0
0,0,-0.34,-9.63,91.75,-742.12,0
0,0,-0.19,-3.17,-67.48,-346.64,0
0,0,-0.49,-9.71,29.32,933.72,0
0,0,0.82,0.60,-67.62,-197.33,0
0,0,0.58,9.52,-86.86,658.18,0
0,0,0.65,-7.07,-37.70,-380.82,0
0,0,0.90,-8.72,0.96,281.33,0
0,0,0.28,2.11,62.48,-359.56,0
0,0,-0.91,8.72,58.72,-247.88,0
0,0,-1.00,5.42,-13.17,231.13,0
0,0,-0.45,5.68,-13.54,589.92,0
0,0,-0.42,8.23,77.58,-633.91,0
0,0,-0.14,7.81,-50.77,716.65,0
0,0,-0.55,5.87,39.22,596.87,0
0,0,0.13,-7.45,17.11,-531.29,0
0,0,-0.11,9.75,-28.16,-219.61,0
0,0,0.19,8.08,37.28,999.82,0
0,0,0.66,-2.97,4.62,-987.00,0
0,0,-0.65,-0.92,43.65,-139.20,0
0,0,-0.05,-3.78,-16.95,357.31,0
0,0,-0.28,-8.49,-41.97,-838.88,0
0,0,0.05,-7.69,-10.07,-216.33,0
0,0,-0.58,-7.16,21.01,-784.87,0
0,0,-0.87,4.80,-70.73,20.87,0
0,0,-0.30,-9.42,-37.72,974.13,0
0,0,0.73,-7.55,-88.62,166.08,0
0,0,0.88,7.96,68.01,533.28,0
0,0,0.03,0.50,-29.40,-345.90,0
0,0,-0.82,-4.84,-4.06,-438.71,0
0,0,-0.25,5.66,35.25,-915.90,0
0,0,0.85,2.67,49.62,-919.97,0
0,0,-0.07,-6.76,17.04,968.76,0
0,0,0.07,9.17,78.62,-883.76,0
0,0,-0.50,-0.05,-93.27,993.31,0
0,0,-0.90,0.49,-51.73,-984.00,0
0,0,0.19,-4.65,-49.13,-622.24,0
0,0,-0.91,-7.60,-39.06,-401.85,0
0,0,-0.46,8.71,-3.54,627.37,0
0,0,-0.04,-8.99,-45.81,-307.71,0
0,0,-0.38,-5.48,-26.77,-98.43,0
0,0,-0.82,9.35,84.80,-955.27,0
0,0,-0.00,-9.58,42.21,905.39,0
0,0,0.97,-0.72,34.88,-977.68,0
0,0,-0.95,8.62,24.69,521.99,0
0,0,-0.11,6.10,-63.25,108.29,0
0,0,-0.37,-5.00,97.48,-245.67,0
0,0,0.97,7.40,63.99,687.81,0
0,0,-0.31,-2.05,27.80,736.46,0
0,0,-0.64,-1.90,-86.03,128.61,0
0,0,0.03,1.44,-72.58,-375.95,0
0,0,-0.14,-9.40,20.59,477.13,0
0,0,0.93,2.59,-97.18,311.91,0
0,0,0.21,0.36,73.46,-543.46,0
0,0,0.29,0.44,-23.17,209.72,0
0,0,0.44,6.91,-61.99,40.16,0
0,0,0.39,5.36,92.86,805.93,0
0,0,-0.30,-9.49,46.34,-637.33,0
0,0,-0.83,-9.19,-3.09,-177.96,0
0,0,-0.54,0.84,71.20,709.76,0
0,0,-0.79,-6.63,-74.84,-715.23,0
0,0,-0.28,-7.68,-8.51,-208.85,0
0,0,0.10,-8.70,-96.81,426.05,0
0,0,-0.99,-3.79,69.06,141.52,0
0,0,-0.59,-3.75,-40.57,-807.99,0
0,0,-0.35,-1.46,-23.89,249.88,0
0,0,0.05,5.83,-94.50,-248.16,0
0,0,-0.43,-4.69,37.10,-229.40,0
0,0,-0.82,-6.63,-78.51,-152.19,0
0,0,-0.32,-4.92,-32.96,248.19,0
0,0,-0.57,-3.25,-86.17,-668.34,0
0,0,0.85,-8.59,-8.89,-840.72,0
0,0,0.84,8.69,50.24,-614.82,0
0,0,0.78,9.77,-29.19,-1.04,0
0,0,-0.62,-2.31,-36.31,92.55,0
0,0,0.06,-1.15,-89.45,-720.73,0
0,0,-0.82,5.95,48.53,897.56,0
0,0,0.92,-7.47,-99.79,-27.82,0
0,0,-0.23,9.05,-91.88,856.48,0
0,0,-0.22,5.66,25.30,617.86,0
0,0,0.60,-1.06,-49.22,703.20,0
0,0,0.97,-3.44,-42.14,-656.84,0
0,0,0.91,2.26,91.43,762.83,0
0,0,0.36,5.23,-52.66,1.48,0
0,0,0.61,-2.28,83.39,-696.11,0
0,0,0.47,-6.52,30.51,674.22,0
0,0,0.98,-10.00,27.38,802.50,0
0,0,0.92,-5.26,-6.97,-883.22,0
0,0,-0.68,8.46,-60.84,368.11,0
0,0,-0.12,-9.14,-64.95,-750.56,0
0,0,-0.46,-7.67,-76.66,-464.23,0
0,0,-0.38,8.52,-27.21,370.53,0
0,0,-0.68,3.45,-53.76,-3.36,0
0,0,0.34,1.59,-27.00,57.82,0
0,0,-0.71,-6.59,94.70,176.43,0
0,0,0.06,-9.69,75.55,306.81,0
0,0,0.71,-8.21,-29.08,861.92,0
0,0,0.45,-9.19,-1.61,34.00,0
0,0,-0.05,-1.40,-62.89,707.52,0
0,0,0.18,-5.11,26.90,593.52,0
0,0,-0.93,5.14,65.04,-746.90,0
0,0,-0.60,-3.22,10.25,-609.70,0
0,0,-0.68,-8.17,-5.56,-54.38,0
0,0,-0.66,1.50,27.16,295.88,0
0,0,-0.77,1.07,20.19,-909.39,0
0,0,-0.76,-8.91,63.40,680.68,0
0,0,0.92,8.44,-90.70,962.34,0
0,0,-0.89,-1.97,-14.77,-468.93,0
0,0,-0.74,2.93,96.59,-800.85,0
0,0,0.47,-2.09,29.09,-978.75,0
0,0,0.99,-2.78,38.03,852.79,0
0,0,-0.83,-8.20,-71.28,642.41,0
0,0,0.59,-9.37,33.56,-473.63,0
0,0,-0.54,2.54,33.78,-201.68,0
0,0,-0.72,-2.49,-48.41,114.09,0
0,0,0.18,-2.88,-56.55,-559.42,0
0,0,0.77,-9.82,-88.93,-650.53,0
0,0,0.93,-1.44,-37.38,649.04,0
0,0,0.31,7.06,26.43,67.43,0
0,0,-0.56,-8.52,-39.24,-535.69,0
0,0,0.02,-5.30,-21.34,7.01,0
0,0,-0.34,9.90,-6.89,-330.93,0
0,0,0.25,-9.20,93.90,103.87,0
0,0,-0.33,-2.86,20.09,707.47,0
0,0,-0.71,3.55,-45.25,-814.42,0
0,0,-0.64,8.12,-56.44,908.07,0
0,0,-0.78,-6.76,84.51,-839.69,0
0,0,0.08,3.23,61.07,365.29,0
0,0,-0.99,-9.01,-88.58,684.67,0
0,0,-0.89,-5.95,38.46,-850.37,0
0,0,-0.40,-8.74,-94.86,-996.60,0
0,0,-0.08,8.69,-78.16,-353.83,0
0,0,0.95,-9.86,-26.61,-12.32,0
0,0,0.75,-7.72,99.08,47.90,0
0,0,-0.53,-2.65,-56.94,825.39,0
0,0,0.57,7.40,-14.90,-274.23,0
0,0,0.79,3.52,4.07,-351.76,0
0,0,-0.61,9.24,64.24,80.52,0
0,0,-0.13,-4.81,-58.20,-274.94,0
0,0,0.28,9.00,56.87,-129.38,0
0,0,-0.93,8.75,-82.80,865.24,0
0,0,-0.89,-2.81,1.81,-506.98,0
0,0,0.63,7.99,-74.86,-18.31,0
0,0,-0.10,-5.23,-55.57,-727.96,0
0,0,-0.90,-8.92,-15.44,560.75,0
0,0,-0.38,4.29,24.57,-682.17,0
0,0,-0.36,5.31,-5.51,962.40,0
0,0,0.69,-3.07,46.35,-356.11,0
0,0,0.28,-5.01,84.21,939.81,0
0,0,0.45,-3.18,-63.01,-860.83,0
0,0,-0.09,-7.47,27.75,-237.73,0
0,0,0.24,-5.44,-21.00,232.41,0
0,0,0.47,-0.27,-48.62,-109.91,0
0,0,-0.44,6.19,-86.64,-158.14,0
0,0,0.58,7.59,-2.45,75.96,0
0,0,-0.50,-9.85,56.01,911.97,0
0,0,-0.13,8.12,-22.66,689.11,0
0,0,-0.88,-9.71,30.27,847.49,0
0,0,0.67,-5.57,-31.76,915.57,0
0,0,0.40,-9.04,-36.09,29.28,0
0,0,-0.03,6.72,-39.10,40.65,0
0,0,0.87,5.53,-95.46,-458.84,0
0,0,0.62,8.75,-21.36,-119.68,0
0,0,0.87,-3.29,-0.81,30.38,0
0,0,-0.20,5.84,-91.57,-329.24,0
0,0,-0.82,4.55,43.86,608.40,0
0,0,0.47,8.71,-35.07,-979.01,0
0,0,0.93,-8.87,7.43,138.41,0
0,0,-0.45,0.46,0.92,131.37,0
0,0,-0.02,7.10,-55.11,824.74,0
0,0,0.99,3.20,19.23,959.70,0
0,0,-0.85,-2.83,60.76,-253.07,0
0,0,0.81,-4.91,-8.66,739.86,0
0,0,-0.70,9.26,-13.15,796.08,0
0,0,1.00,1.02,49.36,-567.37,0
0,0,-0.40,-0.62,-10.54,418.96,0
0,0,0.69,0.75,63.78,804.49,0
0,0,0.20,-0.91,27.48,931.01,0
0,0,-0.05,-4.98,-22.09,116.68,0
0,0,-0.53,9.27,43.71,887.63,0
0,0,0.42,-0.99,-18.99,996.17,0
0,0,0.57,8.49,90.03,-327.22,0
0,0,0.03,-9.23,58.73,-575.25,0
0,0,0.14,7.35,74.98,318.80,0
0,0,-0.46,3.63,-79.19,-688.61,0
0,0,0.45,3.48,52.36,4.16,0
0,0,0.96,3.93,-24.57,-258.23,0
0,0,0.62,2.77,-62.37,25.47,0
0,0,-0.71,-7.30,-98.10,-131.28,0
0,0,0.21,1.26,32.14,872.66,0
0,0,0.01,6.90,-92.05,-379.29,0
0,0,0.34,7.34,-51.81,101.49,0
0,0,0.26,1.22,54.42,801.48,0
0,0,0.77,2.24,-53.61,-974.55,0
0,0,-0.54,-2.51,-47.79,31.22,0
0,0,0.85,0.19,-3.21,-481.39,0
0,0,0.41,7.62,56.96,932.82,0
0,0,-0.21,-2.76,-11.92,730.87,0
0,0,0.49,-0.16,21.78,835.21,0
0,0,0.79,-0.52,-45.54,519.10,0
0,0,0.25,-0.70,-80.83,979.16,0
0,0,-0.01,6.29,-39.48,582.86,0
0,0,-0.79,-0.23,66.73,913.34,0
0,0,0.15,6.23,-59.89,-754.94,0
0,0,-0.47,-0.56,0.02,-812.47,0
0,0,-0.06,-1.95,-12.45,-831.16,0
0,0,-0.70,8.91,-28.50,51.66,0
0,0,0.62,-1.89,30.38,-699.43,0
0,0,-0.19,-9.91,-64.81,284.65,0
